,序号,代码,名称,最新价,涨跌幅,涨跌额,成交量,成交额,振幅,最高,最低,今开,昨收,量比,换手率,市盈率-动态,市净率,总市值,流通市值,涨速,5分钟涨跌,60日涨跌幅,年初至今涨跌幅
0,1,835207,众诚科技,32.0,22.89,5.96,172225.0,528834751.65,30.88,33.85,25.81,26.46,26.04,6.77,30.58,-115.21,10.35,3007840000.0,1802062976.0,-0.34,-1.48,-7.94,78.97
1,2,300584,海辰药业,34.32,20.0,5.72,229934.0,735334465.19,19.86,34.32,28.64,29.04,28.6,1.13,28.0,68.47,4.01,4118400000.0,2818190953.0,0.0,0.0,77.09,70.24
2,3,300765,新诺威,63.0,20.0,10.5,126650.0,723928711.74,21.98,63.0,51.46,52.42,52.5,1.11,1.02,-822.34,24.06,88489355472.0,78565563342.0,0.0,0.0,61.66,137.11
3,4,300921,南凌科技,31.99,19.99,5.33,192154.0,577116113.37,20.44,31.99,26.54,26.56,26.66,7.33,24.2,316.42,5.12,4212820842.0,2540553189.0,0.0,0.0,-3.06,18.04
4,5,688062,迈威生物-U,27.9,17.67,4.19,266547.0,692344793.0,21.3,28.38,23.33,23.7,23.71,1.69,13.06,-9.55,8.73,11148840000.0,5696343000.0,0.54,-0.11,53.72,38.12
5,6,300920,润阳科技,46.99,16.66,6.71,67618.0,297875366.44,19.61,48.0,40.1,40.14,40.28,1.91,10.3,237.3,4.03,4699000000.0,3085939028.0,-0.02,-1.09,144.23,177.72
6,7,688316,青云科技-U,68.07,15.31,9.04,138683.0,908141087.0,18.36,70.84,60.0,61.0,59.03,5.02,38.58,-35.52,50.74,3253724762.0,2446723055.0,-0.63,-2.56,-13.4,103.19
7,8,300255,常山药业,43.41,15.12,5.7,690719.0,2894884104.25,17.5,44.44,37.84,38.04,37.71,1.23,7.54,2636.83,25.48,39896432714.0,39766932262.0,0.16,0.09,113.0,117.16
8,9,871634,新威凌,29.08,13.86,3.54,86460.0,249734681.95,17.31,30.19,25.77,25.77,25.54,4.08,21.62,152.27,6.95,1854200298.0,1163123461.0,-0.03,0.1,3.93,93.87
9,10,688025,杰普特,53.07,12.18,5.76,81523.0,420619425.0,15.28,54.39,47.16,47.5,47.31,3.65,8.58,34.98,2.44,5044272879.0,5044272879.0,-0.17,-0.21,3.79,11.73
10,11,301026,浩通科技,25.45,11.72,2.67,184687.0,467980613.44,12.55,26.98,24.12,24.31,22.78,4.27,16.55,40.69,2.72,4028072969.0,2839727950.0,-0.12,0.08,21.42,31.59
11,12,301306,西测测试,49.89,11.06,4.97,172435.0,842523158.9,14.72,52.61,46.0,47.24,44.92,4.88,43.9,-52.76,4.22,4210716000.0,1959679200.0,-0.02,1.59,12.11,33.5
12,13,688163,赛伦生物,22.0,10.89,2.16,121575.0,265327077.0,12.55,23.0,20.51,20.68,19.84,3.52,27.4,158.41,2.21,2380840000.0,976184000.0,-0.09,0.05,24.22,26.73
13,14,688700,东威科技,37.94,10.42,3.58,110104.0,402268051.0,14.38,39.0,34.06,34.26,34.36,4.05,3.69,166.43,6.47,11321347598.0,11321347598.0,0.03,-0.16,14.55,28.78
14,15,600844,丹化科技,3.36,10.16,0.31,555093.0,183234467.0,10.49,3.36,3.04,3.06,3.05,2.91,6.75,-23.32,17.73,3415521446.0,2764374930.0,0.0,0.0,29.23,31.25
15,16,600322,津投城开,2.71,10.16,0.25,883355.0,231082273.0,10.16,2.71,2.46,2.46,2.46,3.31,7.99,-4.01,-17.65,2996447000.0,2996447000.0,0.0,0.0,13.87,-0.37
16,17,600800,渤海化学,4.36,10.1,0.4,1452228.0,615798251.0,11.36,4.36,3.91,3.98,3.96,2.29,13.09,-7.16,3.03,4839797142.0,4838423742.0,0.0,0.0,45.33,43.42
17,18,000889,中嘉博创,3.6,10.09,0.33,120198.0,43271128.8,0.0,3.6,3.6,3.6,3.27,0.85,1.38,-149.34,35.6,3370648018.0,3131458834.0,0.0,0.0,36.88,39.0
18,19,000701,厦门信达,6.66,10.08,0.61,683717.0,451160817.49,5.79,6.66,6.31,6.66,6.05,2.82,10.24,139.66,-9.62,4500875326.0,4446922333.0,0.0,0.0,32.41,45.73
19,20,600151,航天机电,7.22,10.06,0.66,967649.0,689554558.0,9.76,7.22,6.58,6.59,6.56,7.51,6.75,-231.58,2.13,10355301512.0,10355301512.0,0.0,0.0,-6.23,-9.52
20,21,002546,新联电子,6.02,10.05,0.55,1196333.0,711868811.6,6.95,6.02,5.64,5.71,5.47,5.18,14.93,11.7,1.51,5020975558.0,4823417218.0,0.0,0.0,22.36,42.99
21,22,002467,二六三,6.68,10.05,0.61,2458288.0,1576601760.71,11.2,6.68,6.0,6.01,6.07,1.78,18.03,142.76,4.84,9187484112.0,9108825716.0,0.0,0.0,5.7,21.23
22,23,603680,今创集团,11.51,10.04,1.05,140015.0,156917053.0,7.74,11.51,10.7,10.98,10.46,0.99,1.79,15.1,1.65,9020603008.0,9020603008.0,0.0,0.0,36.21,38.67
23,24,000815,美利云,13.59,10.04,1.24,1218571.0,1631663279.91,5.59,13.59,12.9,12.9,12.35,4.96,17.53,215.6,7.11,9448624646.0,9448624646.0,0.0,0.0,9.24,18.69
24,25,603032,德新科技,14.58,10.04,1.33,90140.0,129868014.0,10.34,14.58,13.21,13.25,13.25,3.31,3.89,-792.04,3.1,3404644034.0,3377647123.0,0.0,0.0,-6.3,8.4
25,26,600232,金鹰股份,6.36,10.03,0.58,123329.0,76307582.0,12.11,6.36,5.66,5.77,5.78,2.52,3.38,-139.05,2.41,2319609940.0,2319609940.0,0.0,0.0,6.53,21.61
26,27,003040,楚天龙,15.58,10.03,1.42,290965.0,446166926.95,7.77,15.58,14.48,14.61,14.16,0.75,6.37,97.77,4.91,7184498444.0,7117727020.0,0.0,0.0,9.18,19.48
27,28,603879,永悦科技,6.47,10.03,0.59,805166.0,493746124.0,14.8,6.47,5.6,5.62,5.88,2.12,22.41,-99.58,8.99,2324958527.0,2324958527.0,0.0,0.0,60.15,68.49
28,29,603045,福达合金,18.54,10.03,1.69,116950.0,214370390.0,10.27,18.54,16.81,16.85,16.85,1.87,8.63,-122.57,2.62,2511153174.0,2511153174.0,0.0,0.0,23.85,45.53
29,30,603017,中衡设计,12.41,10.02,1.13,814639.0,1000014379.0,5.67,12.41,11.77,12.04,11.28,2.0,29.53,40.05,2.31,3423990705.0,3423990705.0,0.0,0.0,41.18,54.55
30,31,603042,华脉科技,18.67,10.02,1.7,806938.0,1478929248.0,6.6,18.67,17.55,18.0,16.97,3.87,50.25,-80.27,3.37,2998212313.0,2998212313.0,0.0,0.0,31.57,24.05
31,32,603937,丽岛新材,10.43,10.02,0.95,61658.0,63322663.0,10.44,10.43,9.44,9.51,9.48,2.71,2.95,-44.44,1.41,2178627245.0,2178627245.0,0.0,0.0,14.36,15.12
32,33,603679,华体科技,15.6,10.01,1.42,62471.0,97454822.0,0.0,15.6,15.6,15.6,14.18,1.33,3.8,-282.61,3.19,2567473927.0,2567473927.0,0.0,0.0,15.38,18.45
33,34,002213,大为股份,16.49,10.01,1.5,217095.0,347599512.24,8.61,16.49,15.2,15.67,14.99,1.89,10.53,-517.73,6.95,3913429556.0,3400479480.0,0.0,0.0,-5.5,21.7
34,35,002153,石基信息,9.01,10.01,0.82,298669.0,267283897.27,4.88,9.01,8.61,8.88,8.19,1.34,1.87,291.18,3.49,24590036507.0,14413871874.0,0.0,0.0,5.01,26.19
35,36,605099,XD共创草,36.53,10.0,3.32,176906.0,619138569.0,11.17,36.53,32.82,35.6,33.21,3.78,4.42,23.51,5.52,14671982260.0,14615287700.0,0.0,0.0,75.2,79.6
36,37,000599,青岛双星,5.61,10.0,0.51,858731.0,457466732.61,11.37,5.61,5.03,5.09,5.1,1.84,10.51,-10.98,3.08,4582017917.0,4581940078.0,0.0,0.0,23.03,26.35
37,38,000603,盛达资源,15.4,10.0,1.4,394412.0,590219325.15,6.29,15.4,14.52,14.6,14.0,2.53,5.92,320.66,3.5,10625527928.0,10267431929.0,0.0,0.0,8.83,28.44
38,39,002992,宝明科技,61.72,10.0,5.61,77658.0,460857879.18,11.94,61.72,55.02,56.0,56.11,3.23,9.88,-159.55,15.8,11235700441.0,4852788326.0,0.0,0.0,-2.26,-1.41
39,40,601212,白银有色,3.19,10.0,0.29,2408422.0,760807246.0,6.9,3.19,2.99,2.99,2.9,3.36,3.25,-133.96,1.57,23621230690.0,23621230690.0,0.0,0.0,12.72,14.75
40,41,603829,洛凯股份,17.61,9.99,1.6,38244.0,66770166.0,7.68,17.61,16.38,16.38,16.01,1.88,2.39,25.22,2.62,2817600000.0,2817600000.0,0.0,0.0,24.72,30.64
41,42,000506,中润资源,8.92,9.99,0.81,898465.0,780197318.37,12.58,8.92,7.9,7.95,8.11,2.51,9.67,-667.28,15.67,8286838428.0,8283744972.0,0.0,0.0,73.88,124.69
42,43,603585,苏利股份,19.06,9.98,1.73,175886.0,330261066.0,6.81,19.06,17.88,18.22,17.33,5.98,9.77,25.67,1.47,3504245671.0,3430864671.0,0.0,0.0,27.41,59.23
43,44,002951,金时科技,12.34,9.98,1.12,287372.0,349915947.98,6.77,12.34,11.58,12.34,11.22,2.9,7.1,-49.4,2.59,4997700000.0,4997681490.0,0.0,0.0,94.64,84.73
44,45,600735,新华锦,9.26,9.98,0.84,532807.0,474687019.0,12.0,9.26,8.25,8.45,8.42,1.9,12.52,157.56,3.28,3970486308.0,3939683918.0,0.0,0.0,81.93,103.07
45,46,605033,美邦股份,21.59,9.98,1.96,172373.0,353789660.0,12.43,21.59,19.15,19.31,19.63,1.33,12.75,24.36,2.56,2918968000.0,2918968000.0,0.0,0.0,12.57,79.47
46,47,002940,昂利康,19.62,9.98,1.78,295489.0,549190390.45,12.72,19.62,17.35,17.83,17.84,1.74,15.95,62.21,2.56,3957907009.0,3635104663.0,0.0,0.0,48.64,48.86
47,48,002629,仁智股份,5.73,9.98,0.52,295069.0,168252181.69,3.45,5.73,5.55,5.68,5.21,2.52,8.29,-212.11,45.35,2441541540.0,2039595981.0,0.0,0.0,16.46,34.82
48,49,000722,湖南发展,14.33,9.98,1.3,648700.0,897259767.22,11.44,14.33,12.84,13.0,13.03,1.58,13.98,391.69,2.14,6651388181.0,6651388181.0,0.0,0.0,51.0,51.64
49,50,002826,易明医药,16.21,9.97,1.47,15599.0,25285979.0,0.0,16.21,16.21,16.21,14.74,0.22,0.9,41.12,4.06,3090886328.0,2799689644.0,0.0,0.0,57.23,56.47
50,51,605122,四方新材,12.79,9.97,1.16,66693.0,83342426.0,10.23,12.79,11.6,11.63,11.63,2.73,3.87,-641.67,1.08,2204407660.0,2204407660.0,0.0,0.0,11.12,20.32
51,52,603226,菲林格尔,10.93,9.96,0.99,74595.0,81380809.0,2.31,10.93,10.7,10.93,9.94,0.68,2.1,-71.05,4.18,3885525046.0,3885525046.0,0.0,0.0,49.93,131.08
52,53,600468,百利电气,7.95,9.96,0.72,2815871.0,2174997087.0,15.77,7.95,6.81,7.02,7.23,1.14,25.89,67.61,4.42,8647495802.0,8647495802.0,0.0,0.0,85.75,69.15
53,54,002298,中电鑫龙,7.95,9.96,0.72,1269499.0,1004669555.67,4.56,7.95,7.62,7.95,7.23,2.5,19.42,34.84,2.85,5883881663.0,5196640057.0,0.0,0.0,27.2,49.44
54,55,002391,长青股份,6.19,9.95,0.56,748731.0,458561413.86,10.12,6.19,5.62,5.64,5.63,5.28,16.13,60.23,0.95,4020977885.0,2872907820.0,0.0,0.0,23.31,23.55
55,56,600082,海泰发展,4.53,9.95,0.41,93988.0,42576356.0,0.0,4.53,4.53,4.53,4.12,0.31,1.48,-53.36,1.66,2926904692.0,2873539416.0,0.0,0.0,50.0,65.33
56,57,002522,浙江众成,5.31,9.94,0.48,810739.0,417657459.11,10.97,5.31,4.78,4.83,4.83,2.66,8.96,82.43,2.11,4809688545.0,4805655557.0,0.0,0.0,3.51,36.5
57,58,601789,宁波建工,5.87,9.93,0.53,2346387.0,1348805259.0,10.3,5.87,5.32,5.34,5.34,8.79,21.59,21.13,1.4,6379507723.0,6379507723.0,0.0,0.0,-10.38,32.21
58,59,600403,大有能源,4.1,9.92,0.37,379089.0,151913621.0,8.85,4.1,3.77,3.78,3.73,1.31,1.59,-7.93,1.82,9802330848.0,9802330848.0,0.0,0.0,48.01,39.46
59,60,002716,湖南白银,3.89,9.89,0.35,1634606.0,630570956.27,4.52,3.89,3.73,3.73,3.54,2.61,7.39,98.11,3.31,10981814833.0,8598763652.0,0.0,0.0,4.29,14.75
60,61,600939,重庆建工,3.67,9.88,0.33,1278890.0,455974501.0,13.77,3.67,3.21,3.3,3.34,4.34,6.72,-40.61,0.9,6979603978.0,6979603978.0,0.0,0.0,32.49,21.93
61,62,688778,厦钨新能,49.26,9.71,4.36,94247.0,456904448.0,10.71,50.35,45.54,45.66,44.9,4.79,2.24,44.41,2.34,20727179509.0,20727179509.0,-0.04,0.0,-6.21,7.93
62,63,300530,领湃科技,45.96,9.12,3.84,261749.0,1167174034.74,20.35,49.09,40.52,41.3,42.12,1.3,16.54,-74.19,57.49,7902884230.0,7274292067.0,-0.02,1.79,65.62,171.47
63,64,600751,海航科技,3.38,9.03,0.28,2545658.0,855503668.0,10.65,3.41,3.08,3.08,3.1,3.85,9.89,57.0,1.3,9799761707.0,8697378996.0,0.0,-0.29,20.28,28.52
64,65,300651,金陵体育,32.0,8.92,2.62,407278.0,1144498811.1,28.73,33.72,25.28,29.5,29.38,1.85,54.32,-608.07,5.38,4120087616.0,2399234432.0,0.03,1.85,132.05,155.8
65,66,301188,力诺药包,23.0,8.85,1.87,199589.0,446511307.56,17.04,24.14,20.54,20.95,21.13,1.87,8.54,33.15,3.55,5373093365.0,5373093365.0,0.09,0.13,38.06,54.16
66,67,300582,英飞特,12.93,8.84,1.05,203994.0,263523993.44,15.15,13.65,11.85,11.9,11.88,5.96,9.21,345.68,2.63,3860076790.0,2864876024.0,-0.31,-0.31,-8.43,-7.91
67,68,301209,联合化学,92.99,8.58,7.35,33929.0,312186528.62,9.93,95.29,86.79,86.89,85.64,2.14,9.89,157.4,14.26,10414880000.0,3189557000.0,-1.07,-1.07,255.06,384.83
68,69,301190,善水科技,26.32,8.4,2.04,131502.0,334046083.21,14.29,27.18,23.71,24.0,24.28,1.29,18.51,84.19,2.94,5649232680.0,1869954408.0,0.19,0.38,42.97,66.69
69,70,300300,ST峡创,4.26,8.4,0.33,468317.0,196783707.97,10.94,4.39,3.96,3.96,3.93,1.88,7.02,-67.36,18.03,2840768484.0,2840559318.0,0.0,0.0,44.41,47.92
70,71,000735,罗 牛 山,6.09,8.36,0.47,1248257.0,755236727.33,6.41,6.18,5.82,5.85,5.62,7.38,10.85,215.86,1.65,7012717690.0,7008965879.0,0.0,0.0,-1.77,-8.56
71,72,300095,华伍股份,9.04,8.26,0.69,1040140.0,964060781.52,15.21,10.0,8.73,8.75,8.35,4.06,30.71,96.09,2.28,3797615083.0,3062092794.0,-0.11,0.33,27.14,34.93
72,73,300221,银禧科技,8.94,8.23,0.68,676303.0,598687224.0,13.2,9.35,8.26,8.32,8.26,3.6,14.95,59.82,3.14,4287071374.0,4045344564.0,0.0,-0.11,6.81,53.08
73,74,000426,兴业银锡,15.42,8.21,1.17,1492761.0,2268096988.3,5.47,15.51,14.73,15.2,14.25,3.48,8.41,18.28,3.31,27380303095.0,27373668255.0,0.26,0.06,14.22,38.67
74,75,603121,华培动力,24.2,8.04,1.8,247620.0,580175209.0,7.46,24.26,22.59,22.65,22.4,1.88,7.31,142.04,6.57,8192515903.0,8192515903.0,0.21,0.54,25.78,119.4
75,76,833873,中设咨询,6.86,8.03,0.51,422954.0,292934185.16,22.52,7.61,6.18,6.28,6.35,3.33,38.38,-24.11,3.46,1052234834.0,755996127.0,0.0,1.78,11.36,55.2
76,77,688302,海创药业-U,50.66,8.02,3.76,67868.0,330137464.0,12.99,51.89,45.8,46.76,46.9,1.19,8.33,-39.06,4.31,5016130195.0,4129555979.0,0.04,-0.47,30.53,64.96
77,78,688183,生益电子,41.33,8.0,3.06,363763.0,1463140913.0,9.62,41.98,38.3,38.5,38.27,2.32,4.37,42.93,7.96,34379169163.0,34379169163.0,-0.07,0.29,46.04,5.95
78,79,603093,南华期货,18.69,7.97,1.38,792684.0,1442941288.0,13.81,19.04,16.65,17.9,17.31,3.2,12.99,33.25,2.78,11402131540.0,11402131540.0,-0.11,-0.48,48.45,58.12
79,80,603083,剑桥科技,45.11,7.84,3.28,711335.0,3114711684.0,11.59,45.95,41.1,41.83,41.83,2.85,26.54,96.17,5.15,12091367448.0,12090375028.0,0.0,-0.07,12.3,11.11
80,81,603276,恒兴新材,16.31,7.8,1.18,106992.0,170785515.0,8.13,16.4,15.17,15.17,15.13,2.04,13.78,65.72,1.94,3386763296.0,1266463296.0,0.0,0.06,6.46,19.57
81,82,301617,博苑股份,37.95,7.69,2.71,52456.0,196944218.74,12.91,39.67,35.12,35.24,35.24,5.4,16.56,25.83,3.11,5071638000.0,1202457059.0,0.0,0.08,-4.36,-2.54
82,83,605303,园林股份,11.97,7.64,0.85,145902.0,170714433.0,10.25,12.14,11.0,11.0,11.12,1.25,9.05,-30.69,1.91,1930011774.0,1930011774.0,0.17,0.76,21.15,57.92
83,84,873169,七丰精工,33.08,7.51,2.31,163610.0,559424772.86,14.43,36.89,32.45,32.46,30.77,2.08,32.2,307.81,8.76,2704137501.0,1680860629.0,0.06,-0.24,88.38,149.1
84,85,688158,优刻得-W,23.82,7.49,1.66,889441.0,2095511278.0,17.82,25.75,21.8,22.0,22.16,4.08,22.11,-60.32,4.57,10792724829.0,9581926289.0,-0.13,-0.25,-22.28,70.39
85,86,002596,海南瑞泽,3.73,7.49,0.26,1356650.0,509032531.23,6.92,3.82,3.58,3.72,3.47,5.11,11.83,-63.54,5.84,4280475332.0,4276314051.0,0.27,0.0,3.32,5.37
86,87,300570,太辰光,88.9,7.37,6.1,329736.0,2837889300.75,9.0,88.97,81.52,81.52,82.8,1.81,17.16,63.6,13.9,20191578476.0,17085959745.0,0.02,0.27,-0.56,22.28
87,88,688096,京源环保,17.63,7.37,1.21,130387.0,224501475.0,9.93,17.89,16.26,16.96,16.42,2.17,7.86,374.44,3.29,2923677661.0,2923677661.0,0.17,0.28,35.2,136.33
88,89,831152,昆工科技,21.36,7.34,1.46,56991.0,119697580.09,7.49,21.59,20.1,20.4,19.9,2.19,6.94,-22.67,5.91,2378258712.0,1754963766.0,0.05,0.23,1.38,91.57
89,90,688719,爱科赛博,35.41,7.3,2.41,59160.0,205999469.0,12.73,36.41,32.21,32.21,33.0,1.85,6.79,-48.52,2.41,4085797651.0,3086603937.0,-0.28,-0.87,7.99,25.12
90,91,300842,帝科股份,42.68,7.26,2.89,112124.0,466797303.45,7.97,42.74,39.57,39.57,39.79,4.73,8.89,43.68,3.49,6050420000.0,5385708748.0,-0.05,0.02,-10.82,4.81
91,92,603657,XD春光科,27.85,7.24,1.88,171676.0,471206376.0,13.86,28.57,24.97,25.05,25.97,1.42,12.7,326.3,4.03,3800113701.0,3765042893.0,-0.54,-0.5,65.09,62.87
92,93,688313,仕佳光子,35.25,7.11,2.34,434011.0,1494169708.0,10.79,35.58,32.03,32.03,32.91,1.57,9.46,43.38,12.52,16172782062.0,16172782062.0,-0.31,0.86,95.4,115.07
93,94,301191,菲菱科思,84.67,7.06,5.58,58069.0,486349943.07,10.48,86.86,78.57,78.57,79.09,3.48,12.82,136.96,3.54,5871187140.0,3835402319.0,-0.05,0.38,-18.27,-5.34
94,95,300587,天铁科技,6.29,6.97,0.41,659596.0,407433189.19,7.65,6.32,5.87,5.87,5.88,1.7,6.45,178.76,3.0,7336302483.0,6428493031.0,0.16,0.0,43.94,43.28
95,96,300368,汇金股份,11.08,6.95,0.72,1622333.0,1818638410.25,16.02,11.9,10.24,10.24,10.36,1.69,30.67,-104.25,42.63,5860693703.0,5860693703.0,1.0,0.73,134.75,155.3
96,97,002250,联化科技,12.8,6.93,0.83,2199611.0,2792350883.1,11.7,13.17,11.77,12.0,11.97,1.18,24.26,58.66,1.82,11665063898.0,11603637197.0,-1.92,-2.74,80.79,132.3
97,98,300927,江天化学,33.62,6.9,2.17,196422.0,650912843.94,9.83,34.29,31.2,31.7,31.45,2.33,13.94,1481.91,5.03,4853383200.0,4736678262.0,0.0,0.0,78.92,104.13
98,99,301063,海锅股份,27.16,6.89,1.75,85085.0,226314429.78,11.65,27.87,24.91,25.18,25.41,2.46,9.98,34.49,1.82,2834437264.0,2315298416.0,0.0,0.44,52.67,71.03
99,100,688520,神州细胞,46.44,6.88,2.99,99129.0,446576957.0,7.99,46.78,43.31,44.27,43.45,1.67,2.23,81.08,-51.1,20681390558.0,20681390558.0,-0.02,0.41,13.35,28.18
100,101,601061,中信金属,8.15,6.82,0.52,575022.0,459486571.0,6.95,8.17,7.64,7.65,7.63,5.47,11.47,17.49,1.78,39935000000.0,4084403853.0,0.12,0.0,10.14,12.26
101,102,300753,爱朋医疗,26.55,6.71,1.67,230711.0,603459278.61,15.11,28.36,24.6,25.47,24.88,1.36,27.99,-47.4,4.97,3346574400.0,2188610726.0,0.19,0.3,23.83,51.11
102,103,600459,贵研铂业,15.47,6.62,0.96,453181.0,692632474.0,4.55,15.57,14.91,14.98,14.51,3.86,6.01,14.45,1.61,11761764362.0,11661897962.0,0.06,0.0,10.66,12.67
103,104,605020,永和股份,22.24,6.56,1.37,194520.0,437727913.0,9.77,22.96,20.92,20.99,20.87,7.43,5.13,26.86,2.39,10463694664.0,8431660981.0,-0.09,0.04,-1.11,9.39
104,105,002827,高争民爆,31.03,6.56,1.91,283323.0,883372960.32,9.68,32.03,29.21,29.22,29.12,2.93,10.27,121.49,9.48,8564280000.0,8564245091.0,0.0,0.23,14.38,22.94
105,106,600531,豫光金铅,7.68,6.52,0.47,878093.0,663508279.0,4.99,7.72,7.36,7.36,7.21,2.93,8.05,9.15,1.47,8373165466.0,8373165466.0,0.13,0.0,2.67,19.63
106,107,688793,倍轻松,37.6,6.36,2.25,60423.0,223210041.0,8.88,38.15,35.01,35.45,35.35,1.82,7.03,-440.86,8.68,3231547754.0,3231547754.0,0.03,-0.45,3.3,26.17
107,108,603330,天洋新材,6.91,6.31,0.41,239037.0,162569399.0,7.38,6.94,6.46,6.46,6.5,3.62,5.88,-294.52,1.95,2989774915.0,2810388419.0,0.14,0.14,-9.2,8.99
108,109,002605,姚记科技,30.8,6.28,1.82,310767.0,933728914.25,9.35,31.19,28.48,28.8,28.98,2.11,9.25,22.78,3.79,12823230974.0,10346628292.0,-0.03,0.1,12.33,17.74
109,110,300963,中洲特材,30.88,6.26,1.82,449045.0,1335417143.14,11.63,31.58,28.2,29.21,29.06,0.91,21.72,195.72,9.52,10116288000.0,6383616832.0,-0.26,0.13,220.33,254.13
110,111,300340,科恒股份,13.1,6.16,0.76,652562.0,845866158.96,21.23,14.35,11.73,11.99,12.34,2.94,31.01,390.52,64.86,3614203082.0,2757085762.0,0.0,0.38,21.3,37.46
111,112,300808,久量股份,30.51,6.16,1.77,38341.0,114671997.5,7.34,30.61,28.5,29.0,28.74,1.75,3.64,-100.85,4.89,4881600000.0,3209634853.0,0.0,0.46,7.73,32.83
112,113,839493,并行科技,167.48,6.13,9.68,68762.0,1146355652.28,15.4,178.28,153.98,154.64,157.8,2.9,16.98,685.57,25.2,9855904910.0,6781795777.0,-0.01,-0.21,-16.27,136.52
113,114,002037,保利联合,9.4,6.09,0.54,604770.0,578826954.2,10.72,9.75,8.8,8.83,8.86,3.95,12.5,-18.84,2.41,4548505520.0,4548505520.0,0.0,-0.63,17.06,22.72
114,115,688377,迪威尔,23.47,6.01,1.33,35312.0,82065342.0,6.73,23.64,22.15,22.4,22.14,1.99,1.81,54.26,2.51,4568834490.0,4568834490.0,0.0,0.0,23.07,21.73
115,116,301277,新天地,17.02,5.98,0.96,447590.0,722475950.98,12.45,17.05,15.05,15.7,16.06,0.99,44.31,29.49,4.49,6673174368.0,1719333168.0,0.12,0.06,65.24,77.48
116,117,300268,*ST佳沃,11.28,5.92,0.63,39113.0,43362367.0,7.7,11.33,10.51,10.68,10.65,1.71,2.93,-2.72,-1.07,1964976000.0,1508220600.0,0.62,0.62,58.2,66.37
117,118,301336,趣睡科技,57.75,5.92,3.23,45505.0,257174536.0,8.97,58.49,53.6,54.6,54.52,2.84,17.67,60.29,2.84,2310000000.0,1486867536.0,0.03,0.09,-33.19,7.4
118,119,603068,博通集成,34.0,5.92,1.9,183385.0,625187992.0,11.71,35.31,31.55,32.1,32.1,4.32,12.19,77.53,3.03,5114448844.0,5114448844.0,-0.03,-0.35,-5.35,22.97
119,120,300093,*ST金刚,12.55,5.91,0.7,130828.0,158612329.02,8.1,12.56,11.6,11.86,11.85,0.99,6.07,-5.37,-2.94,2710800000.0,2706492840.0,0.32,0.24,3.46,-9.12
120,121,301662,宏工科技,76.11,5.87,4.22,35538.0,269784505.44,9.39,79.0,72.25,72.25,71.89,1.11,22.53,87.8,4.26,6088800000.0,1200736096.0,0.0,-0.07,186.13,186.13
121,122,002882,金龙羽,26.03,5.86,1.44,702107.0,1836401520.26,12.32,27.05,24.02,24.59,24.59,1.25,28.45,75.79,5.51,11268387000.0,6424390115.0,0.08,-0.65,50.72,64.96
122,123,300490,华自科技,8.5,5.85,0.47,361458.0,305522682.8,7.47,8.66,8.06,8.16,8.03,3.04,9.19,-11.82,1.46,3388700729.0,3342715202.0,0.12,0.24,-6.18,7.87
123,124,605388,均瑶健康,10.95,5.8,0.6,1185869.0,1245710666.0,14.88,11.2,9.66,9.91,10.35,1.26,19.75,150.71,3.7,6575299800.0,6575299800.0,1.39,2.15,78.34,74.09
124,125,001298,好上好,20.98,5.8,1.15,556263.0,1174849450.73,10.59,21.81,19.71,19.86,19.83,3.02,36.1,88.44,3.94,6227619196.0,3232700195.0,0.05,-0.24,-0.05,21.76
125,126,000159,国际实业,5.68,5.77,0.31,239203.0,132454224.0,7.26,5.74,5.35,5.39,5.37,2.56,4.98,79.25,1.34,2730296440.0,2730221890.0,0.0,0.0,4.8,-5.33
126,127,002082,万邦德,8.3,5.73,0.45,1188354.0,972573183.08,10.45,8.58,7.76,7.76,7.85,2.22,21.48,83.49,1.89,5077019157.0,4592024153.0,0.12,-0.12,45.36,29.08
127,128,600382,广东明珠,5.55,5.71,0.3,257545.0,142331669.0,10.48,5.76,5.21,5.3,5.25,2.79,3.71,17.88,1.4,3853964894.0,3853964894.0,0.0,0.36,23.88,26.14
128,129,000036,华联控股,3.73,5.67,0.2,839741.0,316887738.94,9.92,3.88,3.53,3.54,3.53,8.0,5.67,241.31,1.09,5535073913.0,5525123236.0,-0.27,0.27,-9.25,-8.58
129,130,605376,博迁新材,34.66,5.64,1.85,77706.0,268016893.0,7.25,35.21,32.83,33.12,32.81,2.96,2.97,47.36,5.73,9067056000.0,9067056000.0,0.0,-0.09,-15.46,19.72
130,131,003043,华亚智能,56.3,5.63,3.0,43272.0,239642689.32,6.14,56.6,53.33,53.8,53.3,1.97,7.73,77.84,3.24,5350078877.0,3150260082.0,0.59,0.72,14.99,35.99
131,132,301379,天山电子,21.35,5.54,1.12,86946.0,183386277.34,6.77,21.5,20.13,20.2,20.23,3.18,6.86,29.34,3.16,4218180134.0,2704244162.0,0.0,0.33,-2.82,50.14
132,133,000558,天府文旅,4.41,5.5,0.23,2194195.0,952347812.29,12.92,4.6,4.06,4.19,4.18,3.07,17.03,51.15,5.21,5685477615.0,5683099121.0,-0.23,-0.23,32.43,29.33
133,134,300672,国科微,85.5,5.48,4.44,244656.0,2193136805.89,16.99,97.27,83.5,90.0,81.06,2.9,11.63,90.11,4.47,18565527456.0,17983870016.0,0.04,-0.48,5.08,28.09
134,135,002258,利尔化学,11.94,5.48,0.62,594027.0,704001154.2,9.72,12.32,11.22,11.22,11.32,1.05,7.43,15.61,1.24,9557220502.0,9541855119.0,0.0,0.0,36.3,47.96
135,136,300804,广康生化,47.25,5.42,2.43,139519.0,648798122.99,21.15,51.5,42.02,42.5,44.82,1.11,50.73,51.09,2.61,3496500000.0,1299375000.0,-0.02,-0.34,92.23,109.44
136,137,000810,创维数字,11.84,5.34,0.6,538380.0,634378975.14,8.27,12.08,11.15,11.27,11.24,4.05,4.85,634.29,2.14,13516491655.0,13147883992.0,0.0,-0.25,-16.97,-25.25
137,138,600610,中毅达,16.0,5.33,0.81,1084492.0,1713094203.0,8.36,16.27,15.0,15.05,15.19,1.08,15.3,311.4,211.59,17140393680.0,11339627280.0,0.0,0.76,297.02,278.25
138,139,000886,海南高速,6.32,5.33,0.32,803457.0,514171426.16,8.67,6.6,6.08,6.11,6.0,4.27,8.22,-115.09,2.07,6249394856.0,6179929195.0,-0.16,-0.16,-9.71,-18.66
139,140,300886,华业香料,28.89,5.32,1.46,83036.0,232765801.54,7.66,28.91,26.81,27.13,27.43,1.04,19.02,47.17,3.73,2160914220.0,1260941607.0,-0.07,1.08,37.77,53.75
140,141,688332,中科蓝讯,99.82,5.27,5.0,57395.0,566854785.0,9.33,102.73,93.88,94.85,94.82,3.04,13.04,66.88,3.06,12008870055.0,4394216248.0,-0.03,0.01,-14.57,-22.92
141,142,301151,冠龙节能,17.23,5.25,0.86,126607.0,217621905.31,9.65,17.88,16.3,16.3,16.37,4.63,22.72,89.26,1.44,2934853269.0,960347545.0,0.23,0.35,8.91,15.02
142,143,002669,康达新材,11.88,5.23,0.59,330318.0,386398846.42,10.63,12.42,11.22,11.22,11.29,1.32,10.94,141.42,1.32,3604392000.0,3586552398.0,-0.08,0.17,17.51,23.36
143,144,603018,华设集团,8.08,5.21,0.4,252121.0,200710219.0,5.34,8.11,7.7,7.71,7.68,3.17,3.69,23.86,1.06,5525050123.0,5525050123.0,-0.12,-0.12,-6.26,-1.58
144,145,000409,云鼎科技,11.93,5.2,0.59,871804.0,1035193706.57,11.11,12.46,11.2,11.36,11.34,3.29,20.59,64.26,5.23,8088426725.0,5050484913.0,0.08,0.08,-23.92,33.89
145,146,600486,扬农化工,61.3,5.18,3.02,91296.0,554222271.0,6.49,61.68,57.9,58.23,58.28,1.6,2.27,14.33,2.27,24928504978.0,24695843893.0,0.0,-0.05,17.64,5.93
146,147,000669,ST金鸿,2.65,5.16,0.13,200628.0,52589149.88,5.95,2.65,2.5,2.5,2.52,0.73,2.95,-28.18,101.11,1803083312.0,1803083312.0,0.0,0.0,35.9,25.59
147,148,000737,北方铜业,9.4,5.15,0.46,1574227.0,1476590151.3,7.94,9.74,9.03,9.03,8.94,4.51,8.88,12.06,2.7,17904334489.0,16659330405.0,0.0,0.0,0.32,20.51
148,149,603688,石英股份,34.25,5.13,1.67,419159.0,1425249492.0,11.39,35.84,32.13,32.4,32.58,2.8,7.74,87.93,3.25,18552481398.0,18552481398.0,-0.06,-0.12,31.98,19.21
149,150,831832,科达自控,30.58,5.12,1.49,55287.0,166935321.41,10.28,31.8,28.81,28.9,29.09,1.38,8.89,-96.25,3.42,2363222400.0,1901562837.0,0.07,0.16,-19.08,43.7
150,151,300766,每日互动,37.39,5.12,1.82,650044.0,2415226969.11,9.9,39.0,35.48,35.48,35.57,2.32,18.28,-221.73,9.44,14663339384.0,13298614891.0,0.0,0.0,-25.96,155.92
151,152,002491,通鼎互联,5.98,5.1,0.29,2033608.0,1206798490.31,8.79,6.25,5.75,5.9,5.69,5.68,17.29,13.97,2.75,7355367110.0,7035283849.0,0.0,-0.17,19.12,16.34
152,153,300637,扬帆新材,11.17,5.08,0.54,253098.0,279687499.98,5.64,11.28,10.68,10.8,10.63,4.24,10.8,65.22,3.71,2622158952.0,2617552500.0,-0.09,0.36,10.48,21.41
153,154,603007,*ST花王,5.8,5.07,0.28,49694.0,28814241.0,0.72,5.8,5.76,5.8,5.52,0.23,0.99,-121.21,10.07,5085997386.0,2899018512.0,0.0,0.0,-28.66,-42.35
154,155,600289,*ST信通,5.82,5.05,0.28,64696.0,37622562.0,1.26,5.82,5.75,5.82,5.54,0.53,1.14,-32.1,3.0,3672723042.0,3293670021.0,0.0,0.0,-0.85,225.14
155,156,002199,*ST东晶,6.9,5.02,0.33,4275.0,2949750.0,0.0,6.9,6.9,6.9,6.57,0.04,0.18,-28.52,7.81,1679752305.0,1679752305.0,0.0,0.0,8.66,-7.88
156,157,002721,ST金一,3.35,5.02,0.16,1101483.0,365118350.98,4.7,3.35,3.2,3.21,3.19,1.84,4.14,-106.39,4.31,8908918360.0,8908918360.0,0.0,0.0,25.94,25.0
157,158,000504,*ST生物,7.76,5.01,0.37,71083.0,54447977.8,4.87,7.76,7.4,7.54,7.39,1.65,2.29,-288.58,10.9,2560979240.0,2410789120.0,0.0,0.0,-28.74,-7.07
158,159,603959,ST百利,4.63,4.99,0.22,73015.0,33356117.0,3.63,4.63,4.47,4.48,4.41,0.55,1.49,-18.33,20.98,2270084333.0,2270084333.0,0.0,0.0,20.57,3.81
159,160,603838,*ST四通,6.33,4.98,0.3,25125.0,15727880.0,5.47,6.33,6.0,6.09,6.03,0.46,0.79,-58.38,2.1,2025701280.0,2025701280.0,0.0,0.0,19.89,13.24
160,161,002789,*ST建艺,9.06,4.98,0.43,62061.0,55705252.58,5.56,9.06,8.58,8.62,8.63,1.55,4.72,-11.5,-1.73,1446189037.0,1191206861.0,0.0,0.0,26.18,-0.98
161,162,600753,*ST海钦,7.38,4.98,0.35,70622.0,51431332.0,6.4,7.38,6.93,7.0,7.03,0.85,3.07,-277.6,-341.96,1699666952.0,1699666952.0,0.0,0.0,33.7,18.08
162,163,600358,ST联合,6.34,4.97,0.3,20480.0,12984326.0,0.0,6.34,6.34,6.34,6.04,0.9,0.41,-93.75,41.94,3201298424.0,3201298424.0,0.0,0.0,50.24,73.7
163,164,002316,ST亚联,4.44,4.96,0.21,214609.0,94021251.4,4.96,4.44,4.23,4.23,4.23,1.74,6.3,127.76,23.65,1745452800.0,1512918900.0,0.0,0.0,27.22,36.62
164,165,002485,ST雪发,3.39,4.95,0.16,90330.0,30559889.98,4.02,3.39,3.26,3.26,3.23,1.81,1.66,-53.59,1.51,1844160000.0,1844160000.0,0.0,0.0,25.09,4.63
165,166,002227,奥 特 迅,12.93,4.95,0.61,294612.0,383665445.42,10.96,13.55,12.2,12.33,12.32,3.64,11.98,-44.85,3.25,3204133778.0,3179962384.0,-0.08,-0.08,2.13,5.04
166,167,002978,安宁股份,32.54,4.93,1.53,44597.0,143546578.92,6.03,32.76,30.89,31.1,31.01,3.26,1.49,16.67,1.89,15358553233.0,9729460000.0,0.15,0.15,5.58,16.55
167,168,002443,金洲管道,6.38,4.93,0.3,371033.0,234568551.0,7.4,6.52,6.07,6.08,6.08,5.17,7.14,31.62,0.97,3321016618.0,3313941529.0,0.16,0.31,9.06,12.32
168,169,002846,英联股份,11.95,4.92,0.56,399774.0,470762302.62,7.81,12.1,11.21,11.45,11.39,0.94,15.55,113.62,3.61,5018923950.0,3071366247.0,0.0,-0.08,25.13,45.38
169,170,000691,*ST亚太,5.12,4.92,0.24,167351.0,84080848.5,5.94,5.12,4.83,4.83,4.88,0.73,5.18,-45.72,-22.38,1655142400.0,1655142400.0,0.0,0.0,63.06,49.27
170,171,605189,富春染织,15.22,4.89,0.71,46277.0,69059875.0,5.65,15.25,14.43,14.47,14.51,1.19,3.09,117.85,1.27,2279443543.0,2279443543.0,0.13,0.4,18.35,25.27
171,172,603810,丰山集团,16.75,4.88,0.78,65156.0,108546026.0,8.2,17.15,15.84,15.98,15.97,3.05,3.94,42.26,1.84,2767870433.0,2767870433.0,-0.12,0.06,24.91,85.29
172,173,603377,ST东时,2.8,4.87,0.13,85120.0,23650123.0,5.62,2.8,2.65,2.66,2.67,0.74,1.19,-10.42,2.32,2001629132.0,2001629132.0,0.0,0.0,14.75,16.67
173,174,688166,博瑞医药,51.77,4.86,2.4,110741.0,557384061.0,5.81,51.97,49.1,49.49,49.37,0.99,2.62,421.91,8.98,21871246843.0,21871246843.0,0.06,0.49,37.54,71.42
174,175,301316,慧博云通,44.14,4.85,2.04,629205.0,2687418734.31,9.79,44.8,40.68,42.1,42.1,1.59,25.91,1070.97,18.19,17832560000.0,10718361842.0,0.09,-0.18,56.97,73.17
175,176,300191,潜能恒信,17.77,4.84,0.82,107595.0,188646942.7,5.84,17.95,16.96,16.96,16.95,1.25,4.86,297.92,5.24,5686400000.0,3930635150.0,0.06,-0.11,15.92,38.83
176,177,002763,汇洁股份,7.21,4.8,0.33,415622.0,305364311.63,10.61,7.57,6.84,6.9,6.88,8.84,13.69,9.59,1.52,2955552040.0,2188652820.0,-0.41,0.56,9.57,11.09
177,178,002096,易普力,12.23,4.8,0.56,354916.0,442781865.83,10.8,12.84,11.58,11.58,11.67,4.82,5.06,22.96,1.99,15170590617.0,8572542221.0,0.0,-0.08,3.29,2.95
178,179,002592,ST八菱,6.36,4.78,0.29,97561.0,60893508.35,5.27,6.36,6.04,6.04,6.07,1.35,3.71,9.6,1.94,1801986159.0,1670876113.0,0.16,0.0,16.48,32.22
179,180,001358,兴欣新材,24.16,4.77,1.1,46423.0,112330555.53,7.72,24.79,23.01,23.18,23.06,4.11,9.9,42.54,2.13,2976512000.0,1133030747.0,0.08,-0.25,6.15,10.93
180,181,920088,科力股份,29.86,4.77,1.36,41557.0,122264534.97,7.37,30.3,28.2,28.28,28.5,2.33,20.83,45.53,3.96,2629814990.0,595707000.0,0.0,0.2,12.55,26.53
181,182,002365,永安药业,19.98,4.77,0.91,597610.0,1174306946.36,11.54,20.79,18.59,18.96,19.07,1.0,24.34,-337.05,2.98,5887756350.0,4906290818.0,-0.35,-0.15,143.96,150.06
182,183,300159,*ST新研,2.43,4.74,0.11,894254.0,213855107.14,4.74,2.45,2.34,2.34,2.32,1.07,6.08,-19.09,-11.43,3649777193.0,3576569263.0,0.41,0.41,-13.83,-11.96
183,184,600161,天坛生物,20.15,4.73,0.91,632051.0,1264187298.0,5.56,20.47,19.4,19.8,19.24,4.0,3.2,40.8,3.5,39844034637.0,39844034637.0,-0.3,-0.25,1.66,-1.71
184,185,000533,顺钠股份,8.2,4.73,0.37,2089518.0,1676006020.38,10.47,8.34,7.52,7.58,7.83,3.05,30.51,72.61,6.38,5664691200.0,5616199680.0,-0.12,1.49,29.95,35.31
185,186,603986,兆易创新,123.44,4.7,5.54,291918.0,3598624287.0,9.13,127.78,117.01,117.66,117.9,2.36,4.4,87.34,4.88,81971466414.0,81929105385.0,0.0,-0.02,-8.35,15.58
186,187,300167,*ST迪威,4.7,4.68,0.21,184047.0,84349219.42,8.02,4.72,4.36,4.4,4.49,0.96,5.2,-329.13,49.12,1694585000.0,1664199500.0,0.0,0.43,69.68,106.14
187,188,605123,派克新材,64.16,4.67,2.86,66940.0,428292008.0,5.37,64.6,61.31,61.31,61.3,1.93,5.52,25.37,1.74,7774324431.0,7774324431.0,0.02,0.0,19.68,19.35
188,189,605296,神农集团,31.02,4.59,1.36,53331.0,163348470.0,6.34,31.28,29.4,29.85,29.66,0.86,1.02,17.8,3.28,16280506152.0,16242257251.0,0.0,0.06,17.06,11.99
189,190,603389,*ST亚振,11.19,4.58,0.49,103148.0,114034468.0,5.98,11.24,10.6,10.73,10.7,1.09,3.93,-34.49,12.6,2940194880.0,2940194880.0,0.09,0.99,88.7,82.54
190,191,835174,五新隧装,42.46,4.58,1.86,108189.0,456731678.04,8.2,43.51,40.18,40.52,40.6,1.55,12.47,29.36,4.79,3821770166.0,3683479899.0,0.02,-0.56,25.36,46.97
191,192,301459,丰茂股份,43.24,4.57,1.89,63423.0,271881718.34,5.56,43.8,41.5,41.5,41.35,1.55,24.39,39.14,3.79,4496960000.0,1124240000.0,0.12,0.56,-8.31,40.48
192,193,601858,中国科传,21.53,4.57,0.94,245290.0,519863951.0,5.29,21.54,20.45,20.81,20.59,1.71,3.1,122.4,3.14,17019465000.0,17019465000.0,0.05,0.09,2.28,5.64
193,194,300435,中泰股份,15.79,4.57,0.69,623504.0,1021408003.85,14.24,17.7,15.55,15.97,15.1,4.22,16.91,15.19,2.03,6090408270.0,5823583008.0,0.38,0.19,18.81,32.91
194,195,603310,巍华新材,20.14,4.57,0.88,108410.0,220144625.0,10.7,21.19,19.13,19.2,19.26,2.24,15.7,51.93,1.74,6955147600.0,1391110080.0,-0.1,-0.15,4.73,9.16
195,196,003026,中晶科技,32.22,4.54,1.4,73169.0,235005766.5,7.3,33.04,30.79,30.9,30.82,5.62,7.56,148.41,6.45,4196058833.0,3118796118.0,0.0,-0.19,2.35,-1.01
196,197,688231,隆达股份,17.55,4.53,0.76,67961.0,119603163.0,8.58,18.15,16.71,16.71,16.79,3.02,5.37,37.95,1.59,4332342860.0,2219175773.0,0.06,0.29,10.8,23.42
197,198,300895,铜牛信息,44.95,4.51,1.94,159521.0,712085340.29,7.11,46.24,43.18,43.18,43.01,2.95,11.55,-73.99,7.72,6328989532.0,6210842817.0,0.02,-0.02,-14.77,27.3
198,199,688410,山外山,14.62,4.5,0.63,94593.0,136685583.0,6.43,14.77,13.87,14.0,13.99,1.3,4.03,31.74,2.72,4697634745.0,3429173223.0,-0.14,-0.07,40.85,31.0
199,200,300474,景嘉微,71.99,4.5,3.1,171403.0,1200299590.09,6.21,72.46,68.18,68.8,68.89,2.01,4.22,-171.48,5.38,37623357864.0,29261160433.0,0.0,-0.57,-20.14,-22.95
200,201,002395,双象股份,19.55,4.49,0.84,320423.0,610128598.07,14.32,20.58,17.9,18.46,18.71,1.8,11.95,19.25,3.67,5243485950.0,5243485950.0,0.0,0.1,16.79,18.41
201,202,002868,*ST绿康,24.5,4.48,1.05,22717.0,55020552.5,4.9,24.62,23.47,23.58,23.45,1.24,1.47,-32.37,-68.68,3807688007.0,3773927766.0,0.12,-0.12,55.65,22.68
202,203,002319,乐通股份,10.78,4.46,0.46,107697.0,114523448.96,6.98,10.95,10.23,10.3,10.32,3.57,5.38,-621.48,12.52,2258113658.0,2156000000.0,-0.09,-0.19,-1.46,1.41
203,204,001234,泰慕士,23.22,4.41,0.98,105247.0,238579489.3,10.34,24.0,21.7,22.3,22.24,1.2,9.78,30.52,2.74,2541050514.0,2498813334.0,0.0,0.17,33.14,38.46
204,205,603669,灵康药业,5.23,4.39,0.22,255329.0,132507655.0,7.39,5.38,5.01,5.01,5.01,1.64,3.54,-50.64,5.46,3772110069.0,3772110069.0,-0.19,-0.38,9.64,-0.38
205,206,301590,C优优,157.74,4.39,6.64,46940.0,730721035.19,11.42,162.36,145.1,152.0,151.1,0.72,57.49,26.99,3.43,6625080000.0,1287878010.0,-0.05,-0.1,76.05,76.05
206,207,836419,万德股份,15.69,4.39,0.66,135271.0,210024581.01,10.84,16.34,14.71,14.75,15.03,2.88,21.47,65.22,2.72,1400459652.0,988381414.0,-0.7,-1.2,25.32,62.59
207,208,002741,光华科技,17.15,4.38,0.72,551522.0,941576269.07,5.6,17.48,16.56,16.7,16.43,2.3,12.94,79.08,4.29,7975132617.0,7312046817.0,0.0,0.0,-4.19,3.81
208,209,002104,恒宝股份,11.02,4.36,0.46,3072823.0,3311342473.49,10.42,11.25,10.15,10.7,10.56,1.53,51.25,81.51,3.58,7804167337.0,6606952884.0,-0.18,-0.9,66.72,63.02
209,210,000525,ST红太阳,8.13,4.36,0.34,853067.0,688132526.17,4.11,8.18,7.86,8.08,7.79,2.22,8.62,90.17,3.65,10552962282.0,8049330701.0,-0.12,-0.25,45.7,36.18
210,211,000665,湖北广电,5.74,4.36,0.24,2544112.0,1482930205.23,8.91,6.05,5.56,5.6,5.5,5.75,22.37,-14.72,1.52,6527238101.0,6527013294.0,0.0,-0.35,8.92,24.78
211,212,688503,聚和材料,36.3,4.34,1.51,175575.0,634526772.0,6.81,37.15,34.78,34.8,34.79,3.69,9.72,24.5,1.89,8785821241.0,6558133365.0,-0.03,0.0,-19.87,-18.04
212,213,600715,文投控股,2.41,4.33,0.1,1257642.0,305781108.0,9.96,2.54,2.31,2.33,2.31,3.79,4.72,165.41,8.65,9784246935.0,6416317101.0,0.0,-0.41,15.87,7.11
213,214,301016,雷尔伟,17.16,4.32,0.71,69825.0,117734498.8,4.92,17.17,16.36,16.52,16.45,1.53,3.37,254.13,3.92,3747744000.0,3554696694.0,0.06,0.29,12.67,18.02
214,215,603508,思维列控,27.84,4.27,1.14,121520.0,337268197.0,5.58,28.15,26.66,26.78,26.7,2.65,3.19,20.93,2.43,10614678656.0,10614678656.0,0.07,-0.04,10.7,17.07
215,216,835892,中科美菱,22.47,4.27,0.92,78648.0,175952077.42,13.87,24.3,21.31,21.6,21.55,1.77,28.19,107.37,3.57,2173544087.0,626872037.0,0.0,0.04,34.55,65.1
216,217,600279,重庆港,6.42,4.22,0.26,789659.0,506925804.0,9.74,6.66,6.06,6.16,6.16,1.64,6.65,-218.54,1.13,7619681537.0,7619681537.0,0.16,0.0,26.13,32.92
217,218,002775,文科股份,3.95,4.22,0.16,436067.0,173635176.6,10.55,4.17,3.77,3.8,3.79,5.86,9.94,180.57,26.21,2383254573.0,1733455873.0,0.0,0.0,12.22,2.6
218,219,688573,信宇人,20.8,4.21,0.84,59350.0,123860120.0,7.41,21.49,20.01,20.01,19.96,2.13,11.41,-19.65,2.65,2033291270.0,1081481357.0,0.0,0.0,1.22,33.42
219,220,301098,金埔园林,9.18,4.2,0.37,198428.0,179108236.2,7.38,9.35,8.7,8.88,8.81,3.72,13.26,28.08,1.28,1688490197.0,1374109622.0,0.0,-0.33,11.14,15.47
220,221,834261,一诺威,16.79,4.16,0.67,116879.0,193144257.63,8.31,17.24,15.9,16.27,16.12,1.87,6.84,23.33,3.24,4888118839.0,2869321778.0,-0.18,-0.12,46.13,75.08
221,222,920019,铜冠矿建,22.79,4.16,0.91,64462.0,146396993.07,5.44,22.99,21.8,21.91,21.88,3.01,11.54,56.7,5.11,4791978093.0,1273161071.0,-0.04,0.04,-6.6,16.28
222,223,300513,恒实科技,9.79,4.15,0.39,816227.0,821946447.97,10.0,10.58,9.64,9.9,9.4,6.09,29.0,-24.45,2.23,3071036407.0,2755266311.0,-0.2,0.0,10.62,7.23
223,224,002853,皮阿诺,13.85,4.14,0.55,81833.0,114596655.0,9.02,14.5,13.3,13.3,13.3,2.72,6.36,-159.79,2.71,2533385880.0,1782561688.0,-0.29,-0.29,-12.62,26.25
224,225,301317,鑫磊股份,34.27,4.13,1.36,107121.0,362602360.88,8.63,34.95,32.11,32.85,32.91,2.1,23.91,3.42,3.86,5386901300.0,1535296000.0,0.0,-0.09,73.78,74.85
225,226,301291,明阳电气,41.02,4.11,1.62,63350.0,260290062.96,5.71,42.07,39.82,40.11,39.4,2.75,3.62,28.52,2.67,12806444000.0,7169114419.0,0.02,0.02,-19.33,-6.6
226,227,870199,倍益康,29.44,4.1,1.16,39048.0,112883848.11,5.94,29.6,27.92,28.32,28.28,1.35,10.5,-307.77,3.85,2005152512.0,1095212013.0,0.2,0.55,0.72,50.13
227,228,688227,品高股份,34.44,4.08,1.35,24102.0,82508049.0,7.46,35.35,32.88,33.09,33.09,0.89,3.76,-62.57,2.97,3893623671.0,2207493138.0,-0.17,0.03,-23.92,33.23
228,229,603916,苏博特,9.19,4.08,0.36,134003.0,121583269.0,4.42,9.22,8.83,8.87,8.83,1.87,3.19,40.85,0.96,3975723754.0,3862686754.0,0.0,0.0,17.22,23.19
229,230,301536,星宸科技,66.41,4.07,2.6,213971.0,1409967537.98,10.66,69.6,62.8,64.05,63.81,1.82,11.47,136.59,9.49,27962594600.0,12391333652.0,0.02,-0.26,-12.36,-16.68
230,231,002317,众生药业,13.92,4.04,0.54,934546.0,1294154814.14,7.17,14.18,13.22,13.35,13.38,1.27,12.27,35.87,3.1,11853666160.0,10601714292.0,0.0,-0.07,29.25,16.49
231,232,301155,海力风电,64.42,4.02,2.49,31590.0,202117911.52,4.67,64.96,62.07,62.3,61.93,2.17,2.59,54.81,2.57,14004359013.0,7846356773.0,-0.02,0.0,11.82,20.84
232,233,603023,威帝股份,4.15,4.01,0.16,751613.0,300842423.0,10.03,4.23,3.83,3.88,3.99,2.17,13.47,722.85,3.01,2316187239.0,2316187239.0,0.24,0.0,47.16,51.46
233,234,301367,瑞迈特,85.56,4.0,3.29,24869.0,213785958.58,5.18,87.76,83.5,83.8,82.27,1.63,4.4,26.64,2.68,7666176000.0,4836260690.0,1.18,-0.13,39.53,36.68
234,235,300329,海伦钢琴,7.81,3.99,0.3,76172.0,58118914.14,4.93,7.81,7.44,7.55,7.51,1.18,3.02,-50.98,2.79,1975061372.0,1969216766.0,0.26,0.39,20.9,52.84
235,236,688215,瑞晟智能,37.22,3.97,1.42,17042.0,62564354.0,6.76,37.53,35.11,35.97,35.8,1.47,3.27,242.53,4.16,1937375440.0,1937375440.0,-0.21,-0.03,34.86,84.62
236,237,603993,洛阳钼业,7.59,3.97,0.29,3016455.0,2273218977.0,3.15,7.6,7.37,7.38,7.3,2.17,1.72,10.34,2.21,163179236298.0,133324214178.0,0.0,0.0,5.56,14.14
237,238,838924,广脉科技,31.87,3.95,1.21,102866.0,325544763.68,11.12,33.33,29.92,30.2,30.66,1.84,16.64,121.57,10.98,3428303705.0,1970001344.0,-0.03,-0.22,-7.6,111.62
238,239,300846,首都在线,19.54,3.94,0.74,788925.0,1532523025.02,10.53,20.5,18.52,18.68,18.8,2.42,20.14,-61.7,10.82,9807286541.0,7653892623.0,0.0,0.1,-30.88,40.47
239,240,300578,会畅通讯,20.35,3.93,0.77,174644.0,348358766.0,5.57,20.44,19.35,19.6,19.58,1.2,9.0,153.01,3.4,4034789209.0,3949813999.0,0.0,0.25,-3.87,5.71
240,241,302132,中航成飞,81.67,3.93,3.09,449881.0,3727222101.68,7.88,86.34,80.15,80.8,78.58,2.03,7.62,349.23,11.15,218612816648.0,48247409953.0,-0.02,-0.12,28.25,13.78
241,242,600149,廊坊发展,5.3,3.92,0.2,387474.0,203056943.0,6.08,5.36,5.05,5.05,5.1,1.61,10.19,71.6,8.42,2014848000.0,2014848000.0,0.0,0.19,22.69,29.9
242,243,836957,汉维科技,16.18,3.92,0.61,20713.0,32921766.9,5.39,16.23,15.39,15.51,15.57,2.29,4.85,521.3,4.36,1736135584.0,690962596.0,0.12,0.43,13.94,63.77
243,244,300311,任子行,6.65,3.91,0.25,884309.0,588525124.43,10.47,7.0,6.33,6.35,6.4,1.7,16.46,-30.0,7.26,4479640498.0,3573770468.0,0.0,-0.15,-20.83,13.68
244,245,837092,汉鑫科技,45.45,3.91,1.71,34689.0,156582269.92,8.69,46.9,43.1,43.8,43.74,2.12,10.86,-90.06,7.28,2821522365.0,1451205092.0,-0.11,-0.11,-17.66,29.86
245,246,837748,路桥信息,59.99,3.9,2.25,98567.0,605020979.4,35.5,74.8,54.3,55.0,57.74,1.13,15.81,-175.36,14.64,4603632600.0,3740231024.0,0.67,-2.12,109.02,207.33
246,247,688399,硕世生物,74.43,3.89,2.79,15159.0,112241326.0,4.9,74.99,71.48,71.74,71.64,3.19,2.67,82.26,1.29,4217954203.0,4217954203.0,-0.01,-0.05,8.36,13.25
247,248,002114,罗平锌电,6.95,3.89,0.26,341256.0,239212495.22,8.37,7.3,6.74,6.75,6.69,1.38,10.55,-12.48,2.5,2247597106.0,2247566220.0,-0.14,-0.14,-2.39,23.23
248,249,002397,梦洁股份,3.74,3.89,0.14,351505.0,130316644.4,7.5,3.85,3.58,3.61,3.6,2.12,5.74,69.66,2.34,2796702597.0,2291264201.0,-0.27,-0.27,0.27,27.21
249,250,000045,深纺织Ａ,11.51,3.88,0.43,242119.0,276113253.47,7.94,11.88,11.0,11.09,11.08,1.29,5.3,69.86,1.99,5830066482.0,5260079772.0,0.0,0.0,8.79,9.0
250,251,600692,亚通股份,7.25,3.87,0.27,232302.0,169082279.0,8.31,7.55,6.97,6.98,6.98,3.52,9.11,-59.84,2.75,2550289464.0,1848826248.0,0.14,0.0,-1.23,-19.62
251,252,000697,ST炼石,7.27,3.86,0.27,135501.0,97351888.04,4.29,7.35,7.05,7.09,7.0,2.06,2.29,-29.45,69.44,6347443369.0,4295817039.0,0.0,0.0,-6.31,-17.67
252,253,688488,艾迪药业,13.52,3.84,0.5,185535.0,246896759.0,6.37,13.74,12.91,13.02,13.02,1.02,4.41,91.28,5.71,5688983564.0,5688983564.0,-0.07,0.07,36.84,72.01
253,254,834021,流金科技,7.3,3.84,0.27,339654.0,244392175.13,5.69,7.35,6.95,7.2,7.03,3.08,13.48,336.69,3.53,2255699876.0,1838738388.0,0.0,-0.14,-5.44,36.19
254,255,300475,香农芯创,32.0,3.83,1.18,273505.0,864640578.33,5.39,32.28,30.62,30.62,30.82,1.98,6.21,218.82,4.98,14642104544.0,14087704544.0,-0.03,0.03,-21.07,12.56
255,256,688518,联赢激光,17.91,3.83,0.66,277687.0,498099291.0,6.38,18.36,17.26,17.3,17.25,3.65,8.14,32.57,1.95,6113132451.0,6113132451.0,0.06,0.06,1.65,14.15
256,257,603353,XD和顺石,16.32,3.82,0.6,117398.0,193548814.0,10.5,17.29,15.64,15.71,15.72,2.53,6.89,56.19,1.73,2829790080.0,2781221760.0,0.12,0.18,13.97,2.97
257,258,002528,ST英飞拓,2.73,3.8,0.1,294816.0,79999765.74,4.94,2.75,2.62,2.62,2.63,1.78,2.81,170.91,18.04,3272382974.0,2865791860.0,-0.36,0.0,8.33,-4.55
258,259,002093,国脉科技,11.54,3.78,0.42,738294.0,852716167.42,5.49,11.82,11.21,11.21,11.12,2.6,7.33,31.81,3.1,11626550000.0,11619236525.0,0.0,-0.09,15.86,47.95
259,260,603906,龙蟠科技,13.73,3.78,0.5,915020.0,1243846174.0,9.6,14.2,12.93,13.44,13.23,1.49,16.19,-87.98,3.2,9131533338.0,7758533338.0,0.0,0.29,14.42,32.53
260,261,603800,洪田股份,23.89,3.78,0.87,54646.0,129422742.0,6.3,24.3,22.85,23.02,23.02,1.59,2.63,-49.2,6.26,4969120000.0,4969120000.0,0.0,-0.08,-23.31,-5.39
261,262,300710,万隆光电,21.49,3.77,0.78,91364.0,198098685.11,6.57,22.5,21.14,21.2,20.71,1.87,11.35,-142.67,4.54,2138046547.0,1729787822.0,-0.05,0.14,13.94,20.32
262,263,688310,迈得医疗,15.46,3.76,0.56,61615.0,93066025.0,7.32,15.55,14.46,14.82,14.9,1.17,3.71,-59.5,3.27,2569756407.0,2569756407.0,0.39,0.52,29.92,43.15
263,264,002123,梦网科技,15.44,3.76,0.56,1077419.0,1637713507.67,7.46,15.71,14.6,14.88,14.88,1.77,14.96,832.78,7.01,12435355774.0,11117535222.0,0.0,0.13,-13.26,42.83
264,265,600287,ST舜天,5.53,3.75,0.2,97134.0,52986247.0,4.5,5.54,5.3,5.33,5.33,2.0,2.22,73.39,1.14,2426829296.0,2415482289.0,0.0,0.0,23.44,31.67
265,266,002554,惠博普,2.78,3.73,0.1,412442.0,113951573.0,5.22,2.81,2.67,2.69,2.68,1.99,3.09,30.15,1.58,3707741800.0,3707049102.0,0.0,0.0,16.32,10.76
266,267,601128,常熟银行,7.24,3.72,0.26,783298.0,559114573.0,3.72,7.25,6.99,6.99,6.98,1.39,2.36,5.54,0.85,24011352117.0,24011352117.0,0.14,0.14,19.28,8.87
267,268,002148,北纬科技,7.24,3.72,0.26,406498.0,286631115.62,5.01,7.24,6.89,6.98,6.98,1.24,9.05,-133.13,3.34,4043375869.0,3253059504.0,0.14,0.56,-5.73,9.86
268,269,603655,朗博科技,29.3,3.72,1.05,42488.0,124127949.0,6.65,29.89,28.01,28.01,28.25,0.81,4.01,75.41,5.73,3105800000.0,3105800000.0,0.14,0.07,26.68,20.63
269,270,002800,天顺股份,13.69,3.71,0.49,214374.0,292323781.26,8.26,14.2,13.11,13.11,13.2,2.11,15.13,269.35,4.0,2084344487.0,1939244629.0,0.07,0.22,27.94,32.66
270,271,688152,麒麟信安,57.09,3.71,2.04,20116.0,114189714.0,6.9,58.14,54.34,55.05,55.05,2.53,6.48,-82.14,3.63,4495188901.0,1773137701.0,0.02,0.0,-18.48,9.7
271,272,688311,盟升电子,39.09,3.71,1.4,36240.0,141067257.0,4.88,39.44,37.6,37.8,37.69,1.61,2.16,-109.14,4.09,6563740474.0,6563740474.0,0.0,-0.03,1.03,18.06
272,273,002830,名雕股份,14.8,3.71,0.53,27306.0,40087715.4,5.68,15.0,14.19,14.58,14.27,1.32,4.08,169.06,3.08,1973432000.0,989417000.0,0.0,0.2,14.11,20.92
273,274,603166,福达股份,15.92,3.71,0.57,356675.0,550393402.0,8.08,16.06,14.82,15.39,15.35,1.71,5.58,39.5,4.29,10287641724.0,10173017724.0,0.0,0.06,27.36,122.04
274,275,600238,*ST椰岛,6.47,3.69,0.23,143201.0,91600032.0,5.13,6.52,6.2,6.21,6.24,1.03,3.22,-111.44,28.47,2899854000.0,2879160223.0,0.0,0.0,-6.77,-15.31
275,276,002217,*ST合泰,2.25,3.69,0.08,1159902.0,262915493.5,4.61,2.28,2.18,2.19,2.17,3.03,2.04,1029.98,9.05,16828647588.0,12780819626.0,0.0,0.0,9.76,-5.86
276,277,603616,韩建河山,4.24,3.67,0.15,177195.0,74425859.0,4.65,4.28,4.09,4.09,4.09,1.85,4.65,107.58,6.99,1659188320.0,1617000320.0,0.47,0.47,21.14,20.8
277,278,605183,确成股份,16.96,3.67,0.6,56954.0,95471607.0,4.4,17.03,16.31,16.41,16.36,2.12,1.37,12.8,2.03,7053378139.0,7053378139.0,0.06,0.06,-5.25,0.65
278,279,002012,凯恩股份,5.65,3.67,0.2,264962.0,148743486.83,5.32,5.71,5.42,5.44,5.45,2.05,5.68,131.05,1.73,2642083906.0,2635937672.0,0.36,0.18,20.73,9.5
279,280,837344,三元基因,25.24,3.66,0.89,44957.0,113849856.03,7.47,26.18,24.36,24.5,24.35,0.89,3.96,-62.74,5.05,3074484400.0,2866274491.0,0.16,-0.16,9.41,41.88
280,281,300925,法本信息,22.09,3.66,0.78,313813.0,706336551.25,6.71,23.34,21.91,22.0,21.31,3.52,9.49,86.08,4.46,9470180595.0,7302481561.0,-0.05,0.05,-18.79,-0.59
281,282,688229,博睿数据,52.66,3.64,1.85,13237.0,69553034.0,5.94,53.68,50.66,50.81,50.81,1.6,2.98,-63.5,5.69,2338104000.0,2338104000.0,-0.23,-0.27,-11.47,25.95
282,283,003002,壶化股份,27.79,3.62,0.97,80907.0,224257223.8,6.15,28.31,26.66,26.66,26.82,2.69,4.42,59.33,4.11,5558000000.0,5082082355.0,0.07,0.0,10.72,24.01
283,284,300836,佰奥智能,43.0,3.61,1.5,23271.0,98277264.76,4.22,43.1,41.35,41.35,41.5,0.72,3.68,106.28,7.63,3985481230.0,2718022991.0,0.56,0.82,12.8,48.84
284,285,300607,拓斯达,34.33,3.59,1.19,467437.0,1587428222.99,7.24,35.0,32.6,32.89,33.14,1.62,13.84,1061.96,5.85,16374462904.0,11592897254.0,-0.15,-0.26,-7.94,34.68
285,286,300575,中旗股份,6.98,3.56,0.24,868473.0,604850172.75,8.16,7.2,6.65,6.75,6.74,1.12,25.34,-23.78,1.57,3243999672.0,2392103348.0,0.0,0.0,16.14,15.95
286,287,603367,辰欣药业,14.89,3.55,0.51,158012.0,232951153.0,3.96,15.0,14.43,14.46,14.38,1.86,3.49,11.74,1.11,6741508981.0,6741508981.0,0.13,0.07,11.54,8.37
287,288,834765,美之高,24.58,3.54,0.84,17184.0,41393281.29,5.52,24.73,23.42,23.7,23.74,0.92,3.91,2950.53,5.47,1711088622.0,1081453511.0,-0.12,-0.16,3.89,-27.83
288,289,603727,博迈科,14.69,3.52,0.5,57107.0,82843993.0,5.43,14.77,14.0,14.0,14.19,2.31,2.03,89.26,1.31,4138456179.0,4138456179.0,-0.07,0.07,4.56,30.81
289,290,603316,诚邦股份,7.06,3.52,0.24,103804.0,72798814.0,4.84,7.15,6.82,6.84,6.82,1.86,3.93,157.59,2.86,1865703840.0,1865703840.0,0.0,0.0,12.96,50.21
290,291,603608,天创时尚,5.31,3.51,0.18,73868.0,38713248.0,3.51,5.33,5.15,5.15,5.13,0.92,1.76,-579.88,2.16,2228689018.0,2228689018.0,0.0,-0.19,29.83,42.74
291,292,603477,巨星农牧,22.44,3.51,0.76,278316.0,620648596.0,6.18,22.84,21.5,21.72,21.68,0.96,5.46,22.07,3.61,11445977397.0,11445977397.0,0.0,0.09,25.36,26.42
292,293,603527,众源新材,10.32,3.51,0.35,177611.0,181667311.0,4.91,10.43,9.94,9.99,9.97,2.79,5.6,11.35,1.61,3271142784.0,3271142784.0,0.19,0.49,1.08,7.61
293,294,301013,利和兴,17.71,3.51,0.6,209244.0,370668083.8,6.6,18.18,17.05,17.05,17.11,1.02,11.06,-212.32,5.0,4139589522.0,3351469409.0,0.06,0.45,-16.11,50.72
294,295,688021,奥福科技,14.19,3.5,0.48,16457.0,22983360.0,5.25,14.27,13.55,13.76,13.71,1.5,2.15,-82.9,1.27,1084310644.0,1084310644.0,0.28,-0.14,20.97,35.92
295,296,301500,飞南资源,20.8,3.48,0.7,84509.0,175459307.4,5.12,21.11,20.08,20.1,20.1,2.92,8.21,413.6,1.85,8363696182.0,2140181347.0,0.0,0.05,-0.67,15.56
296,297,002645,华宏科技,8.63,3.48,0.29,290480.0,250955750.56,7.19,8.88,8.28,8.33,8.34,3.26,5.66,40.3,1.54,5018584560.0,4425938219.0,0.0,0.0,13.55,26.54
297,298,603285,键邦股份,24.06,3.44,0.8,70202.0,168704131.0,7.7,24.84,23.05,23.26,23.26,2.0,17.55,26.27,2.4,3849600000.0,962400000.0,0.0,0.08,5.48,6.46
298,299,301665,泰禾股份,30.36,3.44,1.01,83040.0,251107046.05,5.96,30.81,29.06,29.13,29.35,1.56,23.13,43.49,4.12,13662000000.0,1090114934.0,0.0,-0.23,195.62,195.62
299,300,002757,南兴股份,19.94,3.42,0.66,286953.0,563602869.71,6.59,20.16,18.89,19.14,19.28,2.26,10.17,34.1,2.96,5891390905.0,5624155185.0,-0.05,0.1,-17.77,30.07
300,301,301227,森鹰窗业,19.94,3.42,0.66,49424.0,97473487.56,6.22,20.35,19.15,19.72,19.28,2.37,14.56,-59.52,1.15,1898896170.0,676662405.0,-1.04,-1.63,15.93,23.09
301,302,833284,灵鸽科技,29.3,3.42,0.97,139797.0,414438196.95,10.31,30.97,28.05,28.5,28.33,1.58,20.63,200.85,9.88,3070219399.0,1985435830.0,0.0,0.48,8.52,92.13
302,303,600568,ST中珠,1.82,3.41,0.06,519177.0,93617060.0,6.25,1.85,1.74,1.77,1.76,1.63,3.11,-51.0,2.09,3627022819.0,3037702448.0,0.55,0.55,43.31,40.0
303,304,301288,*ST清研,13.04,3.41,0.43,20616.0,26460361.0,3.97,13.04,12.54,12.66,12.61,1.5,4.38,-294.98,1.74,1408450400.0,614091729.0,0.08,0.23,-1.66,-14.94
304,305,688601,力芯微,36.8,3.4,1.21,39972.0,145339047.0,4.83,36.98,35.26,35.59,35.59,2.48,2.99,123.32,4.03,4919891360.0,4919891360.0,-0.11,-0.08,-17.34,-11.18
305,306,300890,翔丰华,29.53,3.4,0.97,132246.0,388943919.64,5.78,29.99,28.34,28.51,28.56,1.5,12.18,-107.81,1.74,3515018385.0,3206758111.0,0.0,0.07,-9.58,-2.41
306,307,300567,精测电子,60.0,3.39,1.97,81505.0,486635514.05,5.98,60.99,57.52,57.56,58.03,2.9,4.03,111.61,4.72,16784602140.0,12131018400.0,-0.08,-0.1,-11.61,-6.69
307,308,002424,ST百灵,4.28,3.38,0.14,593101.0,254804104.88,5.56,4.35,4.12,4.12,4.14,3.09,4.89,61.87,1.87,5981721152.0,5192558111.0,-0.23,-0.47,10.88,11.17
308,309,001255,博菲电气,31.01,3.37,1.01,30824.0,94887051.92,4.33,31.29,29.99,30.04,30.0,1.4,15.41,215.59,3.43,2480800000.0,620200000.0,0.0,0.03,8.54,9.38
309,310,688303,大全能源,19.65,3.37,0.64,102287.0,200630341.0,4.31,19.85,19.03,19.03,19.01,2.34,1.85,-18.89,1.06,42153292477.0,10860667477.0,0.1,0.15,-6.61,-18.6
310,311,600355,*ST精伦,3.08,3.36,0.1,360284.0,110231334.0,5.03,3.12,2.97,2.97,2.98,0.81,7.32,-38.73,12.35,1515634736.0,1515634736.0,0.0,0.33,-22.03,-9.68
311,312,600326,西藏天路,8.09,3.32,0.26,1522365.0,1244621364.0,7.92,8.45,7.83,7.83,7.83,1.67,11.51,-21.58,2.9,10705846868.0,10698963112.0,-0.12,0.25,14.27,25.23
312,313,600846,同济科技,9.96,3.32,0.32,125126.0,123325748.0,3.84,10.0,9.63,9.64,9.64,1.41,2.0,17.78,1.49,6222624699.0,6222624699.0,0.1,0.2,13.57,15.55
313,314,920099,瑞华技术,34.0,3.31,1.09,22311.0,75676228.99,4.86,34.53,32.93,33.0,32.91,2.43,5.66,40.56,3.15,2665599932.0,1339070722.0,1.04,0.92,6.99,17.89
314,315,000981,山子高科,2.19,3.3,0.07,5323918.0,1155009262.73,4.72,2.22,2.12,2.12,2.12,1.04,5.6,66.08,18.49,21894461245.0,20834172482.0,0.0,0.46,-3.1,9.5
315,316,836892,广咨国际,15.95,3.3,0.51,38056.0,60621129.81,6.28,16.28,15.31,15.5,15.44,1.87,2.6,102.1,8.03,2717104080.0,2332146301.0,0.13,0.31,32.59,69.14
316,317,688080,映翰通,51.64,3.3,1.65,25692.0,129564841.0,6.5,51.85,48.6,49.9,49.99,1.05,3.48,42.81,3.58,3813709121.0,3813709121.0,-0.12,0.16,-5.77,56.87
317,318,002550,千红制药,8.49,3.28,0.27,1519053.0,1253419280.38,5.96,8.49,8.0,8.24,8.22,0.77,15.86,16.88,4.3,10865502000.0,8131209034.0,0.12,1.19,55.49,39.64
318,319,600425,青松建化,3.79,3.27,0.12,376215.0,140805002.0,4.09,3.82,3.67,3.67,3.67,3.55,2.73,-27.38,0.99,6081827050.0,5225614426.0,0.0,0.26,3.84,-0.79
319,320,871396,常辅股份,45.18,3.27,1.43,63237.0,281377417.12,6.61,45.76,42.87,43.96,43.75,0.86,14.93,115.49,8.46,2709909050.0,1913080188.0,0.09,0.04,107.25,183.97
320,321,002274,华昌化工,7.29,3.26,0.23,253134.0,182849334.09,4.11,7.32,7.03,7.12,7.06,2.81,2.7,60.79,1.27,6942738269.0,6836920158.0,-0.14,-0.14,-5.45,-2.41
321,322,300198,ST纳川,2.54,3.25,0.08,220211.0,55124801.4,3.25,2.54,2.46,2.47,2.46,0.75,2.15,-15.22,31.22,2620133292.0,2602144684.0,0.0,0.4,28.93,20.95
322,323,000566,海南海药,6.7,3.24,0.21,2001222.0,1315376448.53,8.63,6.83,6.27,6.49,6.49,1.3,17.16,-31.79,19.03,8692346344.0,7811595211.0,-0.15,-0.15,33.47,39.87
323,324,000608,*ST阳光,1.91,3.24,0.06,283312.0,53731134.68,5.41,1.94,1.84,1.85,1.85,1.44,3.8,-22.07,0.62,1432334420.0,1422490853.0,0.0,-0.52,-8.17,-15.11
324,325,002960,青鸟消防,11.81,3.23,0.37,164781.0,192187644.67,4.37,11.85,11.35,11.4,11.44,1.84,2.67,31.02,1.41,8555571917.0,7299576103.0,0.0,-0.08,-10.87,1.2
325,326,301136,招标股份,13.46,3.22,0.42,304015.0,421397748.27,13.42,15.0,13.25,13.7,13.04,2.79,11.05,-173.67,2.56,3704256877.0,3704256877.0,0.0,0.15,12.64,13.68
326,327,603822,嘉澳环保,55.74,3.22,1.74,36510.0,202151881.0,7.13,56.35,52.5,54.0,54.0,1.96,4.75,-22.76,7.55,4282274886.0,4282274886.0,0.18,0.02,-9.66,14.32
327,328,603429,集友股份,8.36,3.21,0.26,155317.0,129950260.0,4.94,8.52,8.12,8.2,8.1,2.06,2.96,900.26,3.53,4384698487.0,4384698487.0,0.12,-0.24,9.0,33.55
328,329,300833,浩洋股份,35.5,3.2,1.1,28685.0,101862796.62,6.77,36.54,34.21,34.4,34.4,2.87,3.53,21.08,1.94,4490412750.0,2884732627.0,0.06,0.23,-11.52,-19.59
329,330,300210,森远股份,10.97,3.2,0.34,205821.0,223568769.0,3.76,11.0,10.6,10.67,10.63,1.21,4.25,160.22,12.88,5311892884.0,5306441442.0,0.09,0.37,6.4,7.13
330,331,603070,万控智造,13.29,3.18,0.41,66449.0,87366226.0,4.43,13.35,12.78,12.78,12.88,1.57,1.68,143.53,2.53,5329290000.0,5255090707.0,0.08,0.08,-11.46,1.61
331,332,688199,久日新材,18.85,3.17,0.58,48575.0,91325454.0,5.97,19.19,18.1,18.25,18.27,1.43,3.01,-72.19,1.19,3039133681.0,3039133681.0,0.11,-0.05,0.21,25.25
332,333,600426,华鲁恒升,21.9,3.16,0.67,276447.0,603317492.0,3.44,21.97,21.24,21.24,21.23,2.18,1.3,16.45,1.47,46498517956.0,46409966511.0,0.05,-0.09,5.9,1.34
333,334,600490,鹏欣资源,4.59,3.15,0.14,1028909.0,469621468.0,4.72,4.65,4.44,4.44,4.45,1.52,5.16,23.56,1.64,10157151693.0,9146132162.0,0.0,0.22,34.6,39.51
334,335,301303,真兰仪表,14.09,3.15,0.43,46013.0,64319908.4,4.03,14.15,13.6,13.78,13.66,3.25,4.53,20.36,1.79,5759992000.0,1431258720.0,-0.07,-0.28,2.62,-6.5
335,336,835305,*ST云创,12.2,3.13,0.37,64616.0,78519174.16,8.37,12.68,11.69,11.73,11.83,1.73,7.97,-53.19,2.59,1614988725.0,989430675.0,0.08,-0.33,-68.2,-39.93
336,337,835184,国源科技,15.18,3.13,0.46,63299.0,95907666.17,5.3,15.55,14.77,14.9,14.72,2.55,7.22,273.82,3.33,2023494000.0,1331646297.0,-0.13,-0.2,-5.3,40.56
337,338,600052,东望时代,4.3,3.12,0.13,70152.0,29495098.0,4.32,4.3,4.12,4.17,4.17,1.29,0.83,-882.16,1.43,3630037386.0,3630037386.0,1.42,1.65,-5.7,-4.87
338,339,688057,金达莱,12.24,3.12,0.37,43636.0,53291789.0,4.97,12.43,11.84,11.88,11.87,2.22,1.58,17.19,1.06,3378240000.0,3378240000.0,-0.16,0.08,8.32,10.27
339,340,605088,冠盛股份,36.42,3.11,1.1,92963.0,340002421.0,5.24,37.13,35.28,35.28,35.32,2.66,5.15,20.12,2.68,6759371466.0,6571225746.0,-0.03,0.08,-8.03,45.22
340,341,605318,法狮龙,27.48,3.11,0.83,22891.0,61861511.0,4.77,27.8,26.53,26.65,26.65,2.09,1.82,-108.5,5.4,3455033689.0,3455033689.0,0.37,0.11,23.39,35.37
341,342,300147,ST香雪,8.28,3.11,0.25,208898.0,171661264.54,5.98,8.39,7.91,8.0,8.03,0.86,3.18,-15.6,5.66,5475390493.0,5443760868.0,0.0,0.0,-12.2,-15.25
342,343,002107,沃华医药,5.96,3.11,0.18,209196.0,124317235.5,6.06,6.12,5.77,5.8,5.78,1.95,3.67,37.62,4.78,3440169216.0,3394915234.0,0.17,0.17,32.15,24.69
343,344,688212,澳华内镜,55.88,3.1,1.68,33278.0,183083786.0,5.22,56.17,53.34,53.45,54.2,2.02,2.47,-65.34,5.72,7525094170.0,7525094170.0,0.68,0.58,37.13,39.07
344,345,688038,中科通达,15.97,3.1,0.48,27450.0,43407668.0,4.33,16.05,15.38,15.58,15.49,1.69,2.36,101.36,3.07,1858483198.0,1858483198.0,0.31,0.31,-4.88,31.44
345,346,688168,安博通,65.53,3.1,1.97,13900.0,89617768.0,5.27,65.9,62.55,63.56,63.56,1.2,1.81,-25.86,4.66,5036316276.0,5036316276.0,-0.05,0.51,6.71,67.6
346,347,430564,天润科技,25.76,3.08,0.77,54812.0,139257281.49,9.24,26.66,24.35,25.19,24.99,2.33,16.22,-76.86,6.07,1916312624.0,870236092.0,-0.23,-0.35,2.18,78.89
347,348,603132,金徽股份,12.08,3.07,0.36,59642.0,72198229.0,6.83,12.53,11.73,11.73,11.72,2.42,0.61,31.48,3.81,11814240000.0,11814240000.0,0.08,0.0,3.42,9.72
348,349,688409,富创精密,54.28,3.06,1.61,49242.0,262084391.0,6.32,55.09,51.76,52.5,52.67,1.46,2.78,-187.54,3.64,16621120650.0,9619150246.0,-0.02,0.0,-6.28,5.25
349,350,001301,尚太科技,47.51,3.06,1.41,60779.0,287546318.68,3.99,47.86,46.02,46.18,46.1,1.33,3.77,12.95,1.98,12392382499.0,7667941776.0,0.02,0.06,-13.79,-29.87
350,351,603979,金诚信,40.71,3.06,1.21,81060.0,328904990.0,4.0,41.14,39.56,39.86,39.5,1.36,1.3,15.05,2.72,25393928125.0,25393928125.0,0.02,0.0,-1.43,12.15
351,352,603168,莎普爱思,7.78,3.05,0.23,224204.0,173981952.0,9.01,8.26,7.58,7.58,7.55,2.42,6.95,82.6,1.83,2924696539.0,2509769642.0,0.13,0.0,14.41,16.12
352,353,835179,凯德石英,35.88,3.04,1.06,67922.0,242431977.4,8.47,36.95,34.0,34.54,34.82,2.23,11.46,67.43,3.62,2691000000.0,2126276428.0,-0.03,0.36,6.5,41.04
353,354,002638,勤上股份,2.37,3.04,0.07,311946.0,73268845.75,5.22,2.41,2.29,2.3,2.3,1.62,2.32,-121.0,1.53,3404728607.0,3192525704.0,0.0,0.42,14.49,5.33
354,355,300394,天孚通信,90.52,3.04,2.67,285877.0,2569804673.94,6.22,92.57,87.11,87.4,87.85,1.08,5.16,37.22,12.27,50265490324.0,50164398493.0,-1.65,-1.66,2.41,-0.92
355,356,600241,时代万恒,7.82,3.03,0.23,54691.0,42230192.0,4.61,7.86,7.51,7.6,7.59,1.96,1.86,148.27,1.97,2301442539.0,2301442539.0,0.0,0.13,7.42,16.89
356,357,603637,镇海股份,10.88,3.03,0.32,126842.0,137000274.0,5.02,10.95,10.42,10.42,10.56,2.21,5.31,109.54,2.64,2596902342.0,2596902342.0,0.09,0.18,11.13,33.83
357,358,688063,派能科技,44.64,3.0,1.3,48957.0,217438503.0,4.94,45.04,42.9,43.28,43.34,1.84,2.0,-71.73,1.21,10952836875.0,10952836875.0,-0.13,-0.16,4.64,12.7
358,359,688611,杭州柯林,31.37,2.99,0.91,21848.0,67223282.0,4.33,31.5,30.18,30.48,30.46,1.13,1.42,255.91,5.51,4811831752.0,4811831752.0,0.0,0.19,-17.79,32.14
359,360,839680,*ST广道,6.55,2.99,0.19,38405.0,24882601.04,4.72,6.6,6.3,6.43,6.36,1.21,8.19,-18.01,6.71,438849345.0,307151403.0,0.15,0.0,-69.51,-55.68
360,361,600768,宁波富邦,11.04,2.99,0.32,40040.0,43818018.0,3.17,11.07,10.73,10.73,10.72,1.39,2.99,72.61,3.86,1476569088.0,1476569088.0,0.18,0.09,14.88,30.34
361,362,600521,华海药业,18.98,2.98,0.55,589972.0,1080084642.0,6.46,18.98,17.79,18.32,18.43,0.88,4.02,24.06,3.0,28620090689.0,27839020738.0,0.48,0.37,25.28,6.21
362,363,603336,宏辉果蔬,6.24,2.97,0.18,312165.0,192315623.0,5.45,6.33,6.0,6.0,6.06,1.1,5.47,197.53,3.14,3559223248.0,3559223248.0,0.0,-0.16,33.05,46.14
363,364,002989,中天精装,37.89,2.96,1.09,59198.0,221842694.48,3.91,38.0,36.56,36.96,36.8,0.8,3.24,492.59,4.96,7485363800.0,6930114267.0,-0.03,0.19,31.29,71.6
364,365,300789,唐源电气,23.63,2.96,0.68,49525.0,115515150.02,6.27,23.94,22.5,22.92,22.95,1.68,5.01,114.99,3.26,3396105396.0,2335157480.0,0.38,0.25,26.36,58.17
365,366,601669,中国电建,4.88,2.95,0.14,1996636.0,971372738.0,5.06,4.98,4.74,4.75,4.74,4.22,1.53,7.97,0.6,84063657550.0,63789046148.0,0.0,0.0,0.62,-10.62
366,367,605336,帅丰电器,20.92,2.95,0.6,36137.0,75232139.0,7.48,21.78,20.26,20.3,20.32,1.25,1.97,-744.56,1.99,3836988454.0,3836988454.0,0.05,-0.05,19.13,62.93
367,368,603306,华懋科技,41.33,2.94,1.18,159477.0,656942990.0,11.16,43.58,39.1,39.96,40.15,1.24,4.85,39.34,4.7,13600057859.0,13600057859.0,0.02,0.0,7.8,30.75
368,369,300301,*ST长方,2.1,2.94,0.06,220216.0,45843456.0,4.41,2.12,2.03,2.05,2.04,1.32,2.79,-18.19,139.55,1742724415.0,1658741110.0,0.0,0.48,19.32,20.69
369,370,003042,中农联合,17.9,2.93,0.51,192802.0,343479914.52,6.44,18.27,17.15,17.19,17.39,1.04,15.22,157.08,1.88,2550392000.0,2268201364.0,0.22,0.34,20.13,25.61
370,371,000698,沈阳化工,3.86,2.93,0.11,335182.0,130084596.82,6.67,3.99,3.74,3.75,3.75,2.84,4.27,24.45,2.24,3163325565.0,3032842426.0,-0.26,0.0,20.25,14.54
371,372,300502,新易盛,99.73,2.92,2.83,466925.0,4617045338.34,6.49,101.26,94.97,95.9,96.9,0.93,5.29,15.73,10.3,98965002286.0,87988516632.0,0.04,-0.03,51.08,21.27
372,373,601100,恒立液压,71.15,2.92,2.02,202426.0,1444240593.0,4.35,72.2,69.19,69.19,69.13,2.67,1.51,38.61,5.81,95399413581.0,95399413581.0,0.1,0.07,-25.11,34.83
373,374,603326,我乐家居,8.46,2.92,0.24,177444.0,148941784.0,4.87,8.58,8.18,8.22,8.22,1.19,5.56,17.01,2.29,2731215233.0,2700236828.0,0.12,0.0,14.79,42.91
374,375,300103,达刚控股,6.37,2.91,0.18,78252.0,49295567.2,3.39,6.39,6.18,6.2,6.19,1.49,2.47,-91.37,3.99,2023118370.0,2021459686.0,-0.16,-0.16,-12.5,1.27
375,376,002723,小崧股份,7.44,2.9,0.21,106882.0,78340106.0,3.46,7.45,7.2,7.27,7.23,1.08,3.37,-66.39,2.37,2365971157.0,2359323570.0,0.0,0.4,-16.03,7.05
376,377,300669,沪宁股份,27.32,2.9,0.77,30614.0,83089065.85,4.29,27.64,26.5,26.56,26.55,1.03,1.68,364.3,6.1,5264714970.0,4974639188.0,-0.51,-0.36,19.15,31.54
377,378,605018,长华集团,13.19,2.89,0.37,297504.0,384893998.0,6.47,13.43,12.6,12.82,12.82,2.16,6.33,228.8,2.27,6215468210.0,6200167810.0,0.23,0.69,0.08,50.23
378,379,603375,盛景微,35.67,2.88,1.0,31533.0,112288527.0,5.36,36.36,34.5,34.54,34.67,2.46,5.82,215.29,2.28,3590780012.0,1932943674.0,-0.06,-0.03,-4.34,-4.6
379,380,300345,华民股份,9.33,2.87,0.26,167096.0,154330256.9,5.62,9.48,8.97,9.12,9.07,1.53,3.77,-40.78,9.55,5392232560.0,4136461210.0,0.11,0.21,61.98,65.43
380,381,603898,好莱客,11.82,2.87,0.33,25702.0,30123012.0,3.05,11.87,11.52,11.54,11.49,1.22,0.83,417.98,1.22,3679385308.0,3679385308.0,0.17,0.08,14.98,25.74
381,382,603818,曲美家居,3.95,2.86,0.11,443452.0,172969757.0,6.51,4.02,3.77,3.8,3.84,0.92,6.46,-160.03,1.24,2721004327.0,2711848227.0,-0.5,-0.5,38.6,45.22
382,383,605006,山东玻纤,7.22,2.85,0.2,708096.0,514594404.0,5.98,7.56,7.14,7.15,7.02,1.99,11.8,126.26,1.74,4411127604.0,4332067160.0,0.0,0.0,10.74,14.79
383,384,301212,联盛化学,27.79,2.85,0.77,48922.0,135717335.0,5.66,28.35,26.82,27.1,27.02,3.07,5.22,67.14,2.24,3001320000.0,2605312500.0,0.07,0.83,24.34,34.45
384,385,600073,光明肉业,8.29,2.85,0.23,186822.0,153951085.0,3.47,8.33,8.05,8.07,8.06,0.86,1.99,11.73,1.54,7773777323.0,7773777323.0,0.36,0.12,30.96,19.45
385,386,600361,创新新材,3.98,2.84,0.11,842006.0,335407409.0,4.65,4.05,3.87,3.88,3.87,3.24,5.73,19.75,1.53,16347594822.0,5847662139.0,-0.5,-0.25,-6.79,3.11
386,387,301042,安联锐视,34.44,2.84,0.95,14874.0,50658403.88,3.31,34.5,33.39,33.54,33.49,1.87,2.18,86.77,2.3,2401796592.0,2344841442.0,0.03,0.06,-11.69,-4.31
387,388,300594,朗进科技,18.12,2.84,0.5,43190.0,77390634.0,4.03,18.18,17.47,17.76,17.62,1.05,4.75,-31.2,2.01,1664746914.0,1648886025.0,0.0,0.06,1.74,5.72
388,389,300419,ST浩丰,5.45,2.83,0.15,196999.0,107045799.0,4.91,5.52,5.26,5.3,5.3,1.44,5.36,-99.57,4.54,2004258047.0,2004258047.0,0.18,0.0,0.37,25.58
389,390,300620,光库科技,43.99,2.83,1.21,108051.0,469141704.6,4.65,44.2,42.21,42.38,42.78,2.16,4.38,252.69,5.68,10961452175.0,10859084849.0,0.05,0.07,-7.95,-9.3
390,391,603159,上海亚虹,16.03,2.82,0.44,30856.0,49065716.0,4.11,16.14,15.5,15.63,15.59,1.6,2.2,1210.24,4.36,2244200000.0,2244200000.0,0.0,0.0,7.37,3.29
391,392,301246,宏源药业,14.6,2.82,0.4,84702.0,122654661.71,3.59,14.7,14.19,14.2,14.2,1.31,5.26,164.3,1.34,5840099280.0,2349820360.0,0.0,0.07,2.53,7.91
392,393,603599,广信股份,11.65,2.82,0.32,301294.0,348802152.0,4.15,11.72,11.25,11.3,11.33,1.18,3.31,16.47,1.07,10604637869.0,10604637869.0,-0.09,-0.09,3.46,-3.32
393,394,603180,金牌家居,20.44,2.82,0.56,50676.0,102562300.0,4.28,20.55,19.7,19.7,19.88,2.83,3.29,22.59,1.12,3153014879.0,3153014879.0,0.05,0.25,6.68,-2.71
394,395,300581,晨曦航空,13.88,2.81,0.38,886992.0,1264610927.41,7.7,14.85,13.81,13.81,13.5,2.04,16.12,-125.51,7.76,7635520498.0,7635520498.0,0.0,-0.07,24.37,23.82
395,396,601118,海南橡胶,4.77,2.8,0.13,752606.0,358674252.0,4.09,4.85,4.66,4.66,4.64,3.97,1.76,-47.09,2.09,20412870592.0,20412870592.0,0.0,-0.21,-6.65,-11.83
396,397,600133,东湖高新,9.54,2.8,0.26,287546.0,272166612.0,4.2,9.65,9.26,9.26,9.28,2.42,2.7,-928.61,1.15,10171928408.0,10171928408.0,0.0,0.0,-9.49,2.03
397,398,301005,超捷股份,45.68,2.79,1.24,288596.0,1292889777.75,8.12,46.66,43.05,45.1,44.44,1.22,21.8,96.34,8.07,6160493830.0,6046743184.0,0.4,1.58,29.44,56.17
398,399,001269,欧晶科技,24.29,2.79,0.66,52517.0,128010981.23,5.08,24.8,23.6,23.64,23.63,3.04,6.26,-318.68,4.88,4673572345.0,2037948416.0,0.0,0.04,1.12,-14.74
399,400,002831,裕同科技,24.3,2.79,0.66,69623.0,168381141.26,3.81,24.5,23.6,23.8,23.64,1.42,1.34,23.45,2.02,22611479338.0,12660136510.0,0.45,0.08,-3.95,-8.34
400,401,605186,健麾信息,21.1,2.78,0.57,45613.0,95441421.0,4.09,21.22,20.38,20.38,20.53,3.04,3.35,209.39,2.67,2869600000.0,2869600000.0,0.05,0.24,-7.62,4.92
401,402,002556,辉隆股份,5.93,2.77,0.16,629508.0,369452912.66,4.68,5.99,5.72,5.75,5.77,1.01,6.73,17.14,1.59,5612852214.0,5545079626.0,0.0,0.17,14.7,10.22
402,403,300648,星云股份,38.17,2.77,1.03,149624.0,579727295.65,9.88,40.39,36.72,37.07,37.14,1.59,14.09,-413.46,4.78,6652321038.0,4053250887.0,0.18,-0.08,42.0,65.96
403,404,002052,*ST同洲,10.39,2.77,0.28,110227.0,113967318.73,4.65,10.58,10.11,10.2,10.11,0.75,1.52,15.41,36.41,7750521221.0,7512848080.0,-0.1,0.1,154.66,67.04
404,405,002072,凯瑞德,5.19,2.77,0.14,79667.0,40974962.0,3.56,5.21,5.03,5.12,5.05,1.19,2.53,-186.84,39.04,1908259200.0,1631532812.0,0.19,0.19,4.22,23.28
405,406,300355,蒙草生态,4.45,2.77,0.12,1332884.0,584958804.4,7.62,4.56,4.23,4.3,4.33,2.08,9.76,-105.39,1.69,7138877260.0,6078992783.0,0.0,0.0,-14.42,-13.26
406,407,000070,ST特信,7.04,2.77,0.19,158071.0,110212376.82,3.94,7.09,6.82,6.85,6.85,1.44,1.78,-105.24,4.26,6338427110.0,6255706519.0,0.0,0.0,8.98,22.43
407,408,300991,创益通,24.22,2.76,0.65,69609.0,166716963.5,3.27,24.29,23.52,23.69,23.57,1.46,7.74,139.08,5.42,3487680000.0,2177184240.0,0.21,0.0,15.39,17.06
408,409,603322,超讯通信,39.45,2.76,1.06,115442.0,453154917.0,3.91,39.9,38.4,38.46,38.39,1.06,7.33,31.04,22.34,6216799102.0,6216799102.0,0.0,-0.25,-21.55,3.82
409,410,300065,海兰信,18.63,2.76,0.5,1243901.0,2291270570.59,9.16,19.31,17.65,18.1,18.13,0.99,18.97,96.42,7.7,13422812591.0,12218422344.0,0.05,0.38,54.09,127.2
410,411,600106,重庆路桥,6.35,2.75,0.17,531451.0,339247936.0,6.8,6.56,6.14,6.15,6.18,1.94,4.0,38.08,1.63,8439309144.0,8439309144.0,0.0,-0.16,12.19,13.6
411,412,002309,ST中利,3.0,2.74,0.08,279159.0,83252756.11,3.42,3.03,2.93,2.96,2.92,1.78,2.3,-29.29,5.22,9022996155.0,3646865331.0,0.0,0.33,27.12,22.95
412,413,300786,国林科技,14.3,2.73,0.38,165129.0,237221918.99,7.83,14.92,13.83,13.9,13.92,2.4,11.26,-107.64,2.32,2631427070.0,2097830649.0,-0.35,-0.14,-5.67,2.88
413,414,301165,锐捷网络,52.22,2.73,1.39,106164.0,550104089.35,4.35,52.5,50.29,50.8,50.83,2.33,11.12,96.8,9.55,41538636340.0,4984636340.0,0.0,0.06,-4.95,2.11
414,415,603499,翔港科技,22.2,2.73,0.59,35643.0,78875595.0,4.77,22.57,21.54,21.55,21.61,1.56,1.65,29.13,5.85,4798282470.0,4798282470.0,0.0,0.0,-18.98,-14.12
415,416,600345,长江通信,25.37,2.71,0.67,135018.0,338213090.0,4.33,25.55,24.48,24.71,24.7,2.5,6.38,-151.68,2.38,8362259789.0,5367259365.0,-0.04,-0.08,4.49,9.73
416,417,002163,海南发展,8.76,2.7,0.23,425875.0,378141800.35,7.85,9.25,8.58,8.61,8.53,3.03,5.3,-126.87,7.01,7401830915.0,7039088145.0,-0.11,0.0,-12.49,-6.31
417,418,600303,曙光股份,4.21,2.68,0.11,166364.0,68857790.0,3.17,4.21,4.08,4.14,4.1,0.74,2.46,-9.89,2.27,2877973728.0,2844293728.0,0.24,1.69,35.37,41.28
418,419,001268,联合精密,24.52,2.68,0.64,84460.0,204875416.0,3.94,24.63,23.69,23.69,23.88,1.28,20.27,34.47,2.68,2646525350.0,1021812373.0,-0.12,-0.45,12.84,44.15
419,420,000408,藏格矿业,37.58,2.68,0.98,88247.0,330558428.8,3.22,37.88,36.7,36.7,36.6,1.67,0.56,19.74,4.08,59009083497.0,59008463427.0,0.19,0.29,13.78,35.52
420,421,603790,雅运股份,18.39,2.68,0.48,28093.0,51151136.0,3.52,18.43,17.8,17.9,17.91,1.06,1.47,31.96,2.89,3519110400.0,3519110400.0,-0.05,0.0,35.62,66.88
421,422,002134,天津普林,23.79,2.68,0.62,224544.0,531520337.12,6.52,24.29,22.78,23.1,23.17,1.54,9.13,2885.34,12.11,5848765981.0,5848765981.0,-0.17,-0.21,1.88,23.91
422,423,301585,蓝宇股份,34.11,2.68,0.89,27910.0,95557065.61,5.48,34.84,33.02,33.23,33.22,2.41,11.32,66.31,3.81,3547440000.0,840998457.0,0.03,0.0,-18.53,-4.1
423,424,000751,锌业股份,3.07,2.68,0.08,298763.0,91306091.84,2.68,3.08,3.0,3.01,2.99,2.16,2.12,43.54,1.38,4959985927.0,4328297152.0,0.0,0.0,2.68,9.25
424,425,002355,兴民智通,7.72,2.66,0.2,880069.0,686396314.44,8.51,8.2,7.56,7.56,7.52,1.09,14.24,8.85,3.47,4790803488.0,4772246538.0,0.0,0.65,5.46,21.19
425,426,002237,恒邦股份,11.56,2.66,0.3,245496.0,283103347.77,3.11,11.64,11.29,11.29,11.26,1.43,2.7,21.22,1.41,13271729128.0,10524906664.0,0.17,0.09,7.24,14.46
426,427,000626,远大控股,6.59,2.65,0.17,134023.0,88609670.43,6.07,6.8,6.41,6.44,6.42,2.47,2.65,64.98,1.42,3353917658.0,3334738497.0,0.61,0.15,20.26,14.61
427,428,603399,永杉锂业,8.91,2.65,0.23,122023.0,108366895.0,3.23,8.98,8.7,8.75,8.68,2.06,2.38,-38.68,2.63,4564509683.0,4564509683.0,0.0,0.0,-10.09,-1.0
428,429,600538,国发股份,5.81,2.65,0.15,173573.0,99846812.0,3.89,5.87,5.65,5.67,5.66,1.88,3.31,242.14,3.91,3045592402.0,3045592402.0,-0.17,-0.17,12.38,12.6
429,430,300343,ST联创,4.29,2.63,0.11,238317.0,102561049.33,4.31,4.37,4.19,4.2,4.18,2.09,2.24,228.54,2.34,4585877521.0,4574081179.0,0.0,-0.23,-31.9,-25.65
430,431,002205,国统股份,10.52,2.63,0.27,108669.0,113872611.0,4.29,10.7,10.26,10.35,10.25,2.22,5.85,-15.5,5.59,1955070759.0,1955070759.0,0.0,0.19,10.39,18.07
431,432,002388,ST新亚,4.29,2.63,0.11,224429.0,95338301.2,5.02,4.34,4.13,4.18,4.18,1.22,4.43,40.84,2.21,2190892704.0,2173007492.0,-0.23,-0.23,22.22,25.07
432,433,002942,新农股份,17.53,2.63,0.45,33666.0,58905215.1,6.62,18.15,17.02,17.08,17.08,2.98,2.45,16.37,2.35,2732189513.0,2405270141.0,-0.23,-0.06,10.25,24.15
433,434,832471,美邦科技,16.86,2.62,0.43,36000.0,60694311.97,5.78,17.17,16.22,16.55,16.43,1.37,6.79,-469.52,2.61,1402752000.0,894096034.0,-0.24,-0.24,3.63,38.77
434,435,002171,楚江新材,9.02,2.62,0.23,356653.0,319001367.1,4.44,9.1,8.71,8.83,8.79,1.62,2.38,25.82,1.78,13607091739.0,13524140193.0,0.11,0.0,-7.58,10.0
435,436,002887,绿茵生态,7.86,2.61,0.2,102561.0,80419678.22,5.61,8.06,7.63,7.73,7.66,3.33,5.27,22.51,1.07,2405055462.0,1529558830.0,0.13,0.26,7.82,16.96
436,437,002407,多氟多,11.79,2.61,0.3,317422.0,376644232.74,5.48,12.08,11.45,11.5,11.49,4.38,2.94,54.21,1.65,14035199989.0,12739694239.0,0.0,0.08,-3.36,-1.75
437,438,688192,迪哲医药-U,60.3,2.6,1.53,40734.0,241618530.0,3.61,60.4,58.28,58.69,58.77,0.75,2.18,-35.97,15.46,27702597508.0,11258899847.0,0.3,0.37,25.18,45.41
438,439,000955,欣龙控股,4.76,2.59,0.12,297326.0,142155949.5,7.54,5.03,4.68,4.7,4.64,3.25,5.53,-683.25,3.96,2562760200.0,2561093367.0,0.0,0.0,7.21,14.98
439,440,300165,ST天瑞,3.56,2.59,0.09,146767.0,51733331.39,3.75,3.58,3.45,3.46,3.47,1.59,3.49,139.42,1.38,1764021741.0,1497094312.0,-0.28,-0.28,24.04,18.27
440,441,002197,ST证通,6.34,2.59,0.16,224977.0,140674969.48,5.34,6.42,6.09,6.17,6.18,1.06,4.21,-144.94,1.82,3895060964.0,3385560076.0,0.0,0.63,20.99,56.93
441,442,301037,保立佳,12.67,2.59,0.32,29777.0,37425157.42,3.89,12.74,12.26,12.35,12.35,1.19,4.38,-42.7,2.84,1767487527.0,861325592.0,0.08,-0.08,-6.49,22.89
442,443,000816,智慧农业,3.18,2.58,0.08,892294.0,286329312.68,5.48,3.27,3.1,3.11,3.1,2.62,6.21,-175.46,2.29,4601502351.0,4568787160.0,0.0,0.0,-18.67,5.3
443,444,002652,扬子新材,3.18,2.58,0.08,228370.0,72598628.8,4.52,3.25,3.11,3.12,3.1,1.46,4.46,-87.47,6.22,1628363520.0,1628363520.0,-0.31,0.0,7.43,12.77
444,445,832522,纳科诺尔,41.7,2.58,1.05,47098.0,196531962.18,4.9,42.5,40.51,40.8,40.65,1.74,3.67,52.71,6.26,6536505024.0,5349143394.0,0.12,0.0,-6.27,16.25
445,446,300912,凯龙高科,14.3,2.58,0.36,29974.0,42531400.8,3.37,14.33,13.86,14.0,13.94,1.55,3.49,-70.15,3.15,1644242600.0,1227454443.0,0.14,0.28,6.64,24.35
446,447,603172,万丰股份,15.48,2.58,0.39,34407.0,52672006.0,3.05,15.54,15.08,15.11,15.09,1.83,6.87,49.81,1.93,2064722400.0,775238400.0,-0.26,0.13,10.49,17.63
447,448,605500,森林包装,7.55,2.58,0.19,32887.0,24576576.0,3.13,7.55,7.32,7.37,7.36,1.49,0.79,23.09,1.19,3128720000.0,3128720000.0,0.27,0.13,7.7,8.48
448,449,601117,中国化学,7.98,2.57,0.2,475940.0,378587972.0,3.21,8.04,7.79,7.81,7.78,1.84,0.78,8.43,0.76,48747628389.0,48435254481.0,0.0,-0.13,11.3,-3.74
449,450,002872,ST天圣,4.41,2.56,0.11,33529.0,14672021.0,3.95,4.44,4.27,4.27,4.3,1.33,1.56,-28.24,0.7,1402380000.0,947788971.0,0.23,0.46,14.84,-2.86
450,451,688339,亿华通-U,21.61,2.56,0.54,41253.0,89135206.0,3.7,21.9,21.12,21.32,21.07,1.86,2.11,-13.46,2.03,5006001470.0,4230959642.0,-0.23,-0.05,-10.81,-10.33
451,452,001296,长江材料,18.1,2.55,0.45,75296.0,136711846.03,7.08,18.88,17.63,17.69,17.65,4.93,9.8,20.38,1.57,2707598657.0,1391009236.0,0.0,0.11,0.56,5.72
452,453,603356,华菱精工,13.68,2.55,0.34,39312.0,53325389.0,3.0,13.73,13.33,13.35,13.34,2.02,2.95,-21.14,4.21,1824091200.0,1824091200.0,-0.07,-0.29,-7.94,7.04
453,454,301149,隆华新材,11.66,2.55,0.29,110010.0,128821835.38,4.93,11.92,11.36,11.37,11.37,1.58,4.24,21.94,2.54,5013800210.0,3028324554.0,-0.09,0.0,-6.35,17.9
454,455,603970,中农立华,15.01,2.53,0.37,166641.0,249517714.0,5.4,15.29,14.5,14.5,14.64,2.36,6.2,18.7,2.78,4034690011.0,4034690011.0,0.0,0.0,8.69,5.7
455,456,601121,宝地矿业,6.07,2.53,0.15,99296.0,60152946.0,4.05,6.15,5.91,5.91,5.92,2.41,2.61,60.57,1.6,4856000000.0,2306600000.0,0.0,0.17,-1.3,-13.29
456,457,600250,南京商旅,10.15,2.53,0.25,553513.0,554194551.0,7.98,10.48,9.69,9.92,9.9,1.67,17.82,224.3,5.19,3152527872.0,3152527872.0,-0.1,-0.2,20.4,10.21
457,458,002785,万里石,31.76,2.52,0.78,160273.0,510490597.32,5.78,32.78,30.99,30.99,30.98,1.53,8.28,665.01,8.08,7197441513.0,6145401930.0,0.09,-0.03,9.56,-3.02
458,459,300471,厚普股份,10.27,2.5,0.25,212450.0,216677237.0,3.99,10.34,9.94,10.08,10.02,2.13,5.8,163.87,3.6,4150783341.0,3764488896.0,0.0,0.1,6.31,8.56
459,460,600239,云南城投,2.46,2.5,0.06,580223.0,143330158.0,7.5,2.56,2.38,2.39,2.4,3.4,3.61,-26.96,3.08,3949989796.0,3949989796.0,0.0,0.41,-1.6,-7.87
460,461,603709,中源家居,13.13,2.5,0.32,32951.0,42961865.0,4.29,13.23,12.68,12.98,12.81,0.98,2.64,178.28,3.1,1653098512.0,1638624000.0,0.31,0.08,15.48,20.79
461,462,600523,贵航股份,14.79,2.49,0.36,349689.0,525141471.0,5.96,15.5,14.64,14.88,14.43,2.31,8.65,38.89,1.93,5979764423.0,5975819930.0,-0.2,-0.34,12.9,24.08
462,463,001207,联科科技,23.83,2.49,0.58,59089.0,139616256.0,4.34,24.06,23.05,23.22,23.25,0.87,3.01,14.51,2.53,4822142622.0,4681496937.0,0.13,0.13,11.36,24.83
463,464,300505,川金诺,18.19,2.48,0.44,216748.0,392096940.1,3.94,18.33,17.63,17.77,17.75,1.46,9.97,17.36,1.97,4999840243.0,3953800628.0,0.11,0.11,11.25,29.01
464,465,600160,XD巨化股,26.98,2.47,0.65,334558.0,908631710.0,6.34,27.94,26.27,26.38,26.33,2.14,1.24,22.51,4.05,72839149265.0,72839149265.0,0.0,0.0,7.83,12.93
465,466,300376,ST易事特,3.73,2.47,0.09,272591.0,101454389.52,4.12,3.77,3.62,3.62,3.64,2.27,1.17,49.11,1.26,8684336975.0,8681332181.0,-0.27,0.0,4.19,4.19
466,467,603069,海汽集团,19.14,2.46,0.46,148371.0,285743500.0,4.23,19.6,18.81,18.82,18.68,1.79,4.7,-77.47,7.65,6048240000.0,6048240000.0,0.0,0.0,3.29,4.82
467,468,603685,晨丰科技,13.35,2.46,0.32,28514.0,37741538.0,3.76,13.48,12.99,13.03,13.03,2.84,2.11,-158.13,2.02,2256256146.0,1805021060.0,0.07,0.07,5.87,13.62
468,469,603365,水星家纺,20.0,2.46,0.48,39544.0,77911228.0,6.05,20.2,19.02,19.56,19.52,0.91,1.53,14.63,1.71,5253470000.0,5161270000.0,0.0,0.05,32.1,23.46
469,470,002335,科华数据,43.5,2.45,1.04,458845.0,1992236406.49,4.15,44.1,42.34,42.97,42.46,2.47,10.09,81.3,3.72,22420510784.0,19778260014.0,0.09,0.09,-13.91,50.94
470,471,600725,云维股份,3.34,2.45,0.08,374691.0,126006282.0,6.13,3.47,3.27,3.29,3.26,2.86,3.04,-310.71,13.99,4116449800.0,4116449800.0,0.0,0.3,7.4,-1.18
471,472,688027,国盾量子,272.66,2.45,6.51,17443.0,472616608.0,3.6,274.28,264.71,265.01,266.15,1.08,2.17,-345.29,8.71,28046080533.0,21914875724.0,-0.07,-0.12,-7.0,-8.61
472,473,603188,亚邦股份,4.18,2.45,0.1,184219.0,76459704.0,4.41,4.23,4.05,4.1,4.08,1.62,3.23,187.09,3.18,2383310600.0,2383310600.0,-0.24,0.0,17.75,20.46
473,474,688768,容知日新,50.18,2.45,1.2,7814.0,38996636.0,4.14,50.56,48.53,48.98,48.98,1.43,0.9,-171.59,4.34,4387104574.0,4350715844.0,-0.02,0.2,-13.15,38.08
474,475,600156,华升股份,7.56,2.44,0.18,261671.0,199882574.0,6.23,7.86,7.4,7.45,7.38,0.94,6.51,-60.79,7.64,3039956907.0,3039956907.0,0.13,0.13,48.24,56.85
475,476,837403,康农种业,33.33,2.43,0.79,33158.0,111475911.61,9.9,34.88,31.66,31.96,32.54,1.24,8.0,-666.36,5.01,2365503426.0,1381393514.0,0.0,-0.45,22.4,55.17
476,477,301157,华塑科技,45.66,2.42,1.08,14325.0,65300949.0,5.27,46.49,44.14,44.7,44.58,1.78,6.93,88.36,2.53,2739600000.0,943338111.0,0.02,-0.15,-23.73,1.92
477,478,688428,诺诚健华-U,24.56,2.42,0.58,53395.0,128202162.0,4.67,24.63,23.51,23.88,23.98,0.73,2.01,602.31,6.41,43288650481.0,6539909670.0,0.08,0.16,32.04,100.0
478,479,002109,兴化股份,3.39,2.42,0.08,95648.0,32412054.32,3.93,3.43,3.3,3.32,3.31,1.24,0.75,-11.32,0.98,4326554795.0,4326554795.0,0.3,0.0,6.94,6.94
479,480,002097,山河智能,8.03,2.42,0.19,616980.0,500381853.96,8.29,8.44,7.79,7.93,7.84,1.03,5.75,66.46,1.83,8629176630.0,8613593411.0,0.0,-0.12,-7.17,7.07
480,481,603903,中持股份,7.63,2.42,0.18,47574.0,35946563.0,3.62,7.67,7.4,7.47,7.45,1.25,1.86,157.96,1.28,1948087632.0,1948087632.0,0.0,-0.13,11.22,18.66
481,482,603312,西典新能,35.96,2.42,0.85,20177.0,71814313.0,3.73,36.21,34.9,35.1,35.11,1.77,3.84,20.22,3.55,5811136000.0,1888619200.0,0.03,0.0,1.58,14.05
482,483,600758,辽宁能源,3.82,2.41,0.09,430334.0,164819340.0,4.83,3.91,3.73,3.74,3.73,2.13,3.26,13.38,0.89,5050106445.0,5045239765.0,-0.26,-0.26,5.23,11.05
483,484,300619,金银河,19.15,2.41,0.45,38701.0,73816530.7,6.36,19.68,18.49,18.68,18.7,2.4,2.71,-12.6,2.22,3332093451.0,2737981170.0,-0.05,0.21,-13.66,3.51
484,485,600522,中天科技,13.61,2.41,0.32,700344.0,949158764.0,3.76,13.75,13.25,13.29,13.29,2.02,2.05,18.5,1.3,46450244764.0,46450244764.0,0.07,0.0,-3.68,-4.96
485,486,000796,凯撒旅业,3.83,2.41,0.09,658499.0,251760119.3,4.55,3.9,3.73,3.74,3.74,2.51,4.95,-338.12,7.12,6142511548.0,5096836882.0,0.0,0.26,-1.29,-5.43
486,487,300096,ST易联众,4.27,2.4,0.1,109394.0,46540990.0,3.36,4.31,4.17,4.21,4.17,1.67,2.54,-17.48,6.45,1836100000.0,1836100000.0,-0.23,0.0,14.78,34.7
487,488,603236,移远通信,77.16,2.39,1.8,99759.0,761873280.0,4.35,77.6,74.32,75.32,75.36,1.8,3.81,23.82,4.88,20189504583.0,20189504583.0,0.0,-0.03,-5.13,13.44
488,489,300518,新迅达,13.74,2.38,0.32,126717.0,174680361.79,7.08,14.18,13.23,13.48,13.42,1.0,6.36,-65.97,3.56,2739915054.0,2739588042.0,0.0,-0.07,25.94,11.17
489,490,300344,ST立方,4.3,2.38,0.1,253066.0,107270745.05,3.33,4.31,4.17,4.2,4.2,1.1,3.96,-39.8,11.16,2759337589.0,2749520689.0,0.0,0.0,-62.67,-3.37
490,491,430090,同辉信息,6.88,2.38,0.16,119682.0,81547095.75,4.91,6.95,6.62,6.7,6.72,1.27,8.84,-57.39,13.81,1371414796.0,931190112.0,0.0,-0.15,-12.91,24.64
491,492,600658,电子城,4.73,2.38,0.11,440888.0,207317349.0,4.98,4.84,4.61,4.72,4.62,0.92,3.94,-19.74,0.92,5290907263.0,5290907263.0,-0.21,0.0,8.49,7.99
492,493,002627,三峡旅游,5.61,2.37,0.13,567103.0,316271629.44,4.2,5.68,5.45,5.48,5.48,2.15,7.91,61.04,1.31,4065013731.0,4023289715.0,-0.36,-0.36,13.56,11.75
493,494,002379,宏创控股,11.22,2.37,0.26,251401.0,279253554.73,3.1,11.22,10.88,11.11,10.96,1.18,2.21,-57.02,6.7,12750113509.0,12750113509.0,0.09,0.27,-6.11,25.08
494,495,600515,海南机场,3.46,2.37,0.08,775685.0,267291795.0,3.25,3.49,3.38,3.39,3.38,2.22,0.85,98.44,1.67,39531571223.0,31749003278.0,0.0,0.0,-9.42,-8.47
495,496,300037,新宙邦,31.65,2.36,0.73,98012.0,311898411.82,5.11,32.34,30.76,30.94,30.92,2.11,1.81,25.74,2.51,23667208230.0,17093680090.0,-0.03,-0.16,-8.53,-14.55
496,497,000586,汇源通信,10.85,2.36,0.25,68862.0,74213466.83,3.58,10.94,10.56,10.61,10.6,1.59,3.56,204.07,6.43,2098824000.0,2098824000.0,-0.37,-0.09,7.32,14.21
497,498,002749,国光股份,15.26,2.35,0.35,40416.0,61397388.0,2.08,15.32,15.01,15.14,14.91,1.37,0.96,22.64,3.74,7116631473.0,6452053086.0,0.07,0.13,18.2,12.04
498,499,600116,三峡水利,7.0,2.34,0.16,339803.0,236670475.0,4.39,7.1,6.8,6.84,6.84,2.38,1.78,-773.26,1.21,13385000328.0,13385000328.0,-0.14,-0.14,4.01,0.86
499,500,300493,润欣科技,20.16,2.34,0.46,438374.0,880659292.22,5.23,20.55,19.52,19.75,19.7,1.7,8.75,203.43,9.23,10333512948.0,10100019828.0,0.25,-0.64,-18.55,-28.33
500,501,300542,新晨科技,20.54,2.34,0.47,334690.0,695798256.26,7.87,21.46,19.88,19.88,20.07,1.3,13.58,-244.78,11.0,6132420325.0,5060753959.0,0.15,0.15,-0.05,0.0
