,排名,板块名称,板块代码,最新价,涨跌额,涨跌幅,总市值,换手率,上涨家数,下跌家数,领涨股票,领涨股票-涨跌幅
0,1,昨日连板_含一字,BK1051,20046.44,1305.61,6.97,78609891000,12.76,14,1,中嘉博创,10.09
1,2,昨日连板,BK0816,91.74,5.15,5.95,58065476000,16.01,9,1,菲林格尔,9.96
2,3,VPN,BK0885,1188.79,42.11,3.67,308449456000,6.7,16,2,南凌科技,19.99
3,4,赛马概念,BK0709,743.11,16.86,2.32,11717439000,7.51,2,1,海南瑞泽,7.49
4,5,民爆概念,BK1066,1348.05,28.6,2.17,172176564000,2.56,15,2,高争民爆,6.56
5,6,昨日涨停_含一字,BK1050,645.31,11.98,1.89,619199376000,11.97,45,31,中嘉博创,10.09
6,7,滨海新区,BK0566,10327.96,179.84,1.77,205155635000,2.98,11,8,海泰发展,9.95
7,8,草甘膦,BK0950,1563.4,24.33,1.58,163748636000,1.72,10,3,扬农化工,5.18
8,9,房屋检测,BK1179,1325.17,19.43,1.49,209900586000,2.68,29,8,重庆建工,9.88
9,10,肝素概念,BK0944,945.71,13.75,1.48,229449537000,2.61,7,5,常山药业,15.12
10,11,供销社概念,BK1109,1094.72,15.95,1.48,133346683000,1.7,12,2,湖南发展,9.98
11,12,昨日涨停,BK0815,2003.45,28.87,1.46,601972912000,12.32,40,31,华体科技,10.01
12,13,F5G概念,BK1088,2279.38,32.68,1.45,544268576000,1.31,17,4,剑桥科技,7.84
13,14,东数西算,BK1064,1566.15,21.85,1.41,1015746608000,2.86,35,17,南凌科技,19.99
14,15,小金属概念,BK0695,2451.19,33.59,1.39,2810666032000,1.48,71,32,湖南白银,9.89
15,16,长寿药,BK0936,1036.62,13.85,1.35,137136447000,5.19,9,4,银禧科技,8.23
16,17,ST股,BK0511,6133.23,79.94,1.32,673740624000,2.13,123,40,ST峡创,8.4
17,18,油气设服,BK0606,1741.03,22.19,1.29,1762493728000,1.59,36,10,仁智股份,9.98
18,19,氟化工,BK0690,3230.0,40.1,1.26,580935968000,1.11,22,6,永和股份,6.56
19,20,噪声防治,BK1082,1367.63,16.81,1.24,34738910000,5.43,7,1,天铁科技,6.97
20,21,刀片电池,BK0951,2160.78,24.04,1.13,1214583632000,1.85,8,3,德新科技,10.04
21,22,BC电池,BK1148,783.63,8.64,1.11,327760032000,0.94,8,13,杰普特,12.18
22,23,化工原料,BK0512,21379.49,235.03,1.11,1079862704000,1.81,51,19,渤海化学,10.1
23,24,智慧灯杆,BK1069,1437.59,15.57,1.09,121574862000,2.99,17,7,华体科技,10.01
24,25,稀缺资源,BK0519,22289.18,238.94,1.08,3105787872000,1.22,65,9,贵研铂业,6.62
25,26,HIT电池,BK0908,2028.48,21.24,1.06,532442752000,1.22,22,15,航天机电,10.06
26,27,PVDF概念,BK1012,826.62,8.6,1.05,267805592000,1.7,9,4,永和股份,6.56
27,28,海绵城市,BK0724,977.6,9.98,1.03,282782048000,2.37,22,13,海南瑞泽,7.49
28,29,国资云概念,BK1008,1534.78,15.5,1.02,375663408000,3.94,11,7,美利云,10.04
29,30,微盘股,BK1158,2499.03,25.02,1.01,827935728000,3.44,312,78,华体科技,10.01
30,31,磷化工,BK1010,684.36,6.42,0.95,714976048000,1.41,34,9,洛阳钼业,3.97
31,32,黄金概念,BK0547,13777.84,130.33,0.95,1876269088000,1.99,42,23,湖南白银,9.89
32,33,煤化工,BK0492,9169.87,85.01,0.94,2319082816000,0.86,55,13,丹化科技,10.16
33,34,地下管网,BK1058,1008.85,9.12,0.91,306928704000,1.82,33,13,金洲管道,4.93
34,35,超导概念,BK0679,4469.46,39.35,0.89,248464309000,5.69,8,7,百利电气,9.96
35,36,汽车拆解,BK0943,1104.57,9.46,0.86,253820425000,2.09,11,6,浩通科技,11.72
36,37,商汤概念,BK0942,1190.11,10.14,0.86,470066928000,1.36,10,4,星宸科技,4.07
37,38,磁悬浮概念,BK0975,1760.72,15.09,0.86,705380688000,1.07,18,9,华伍股份,8.26
38,39,装配建筑,BK0945,973.53,8.17,0.85,1379420064000,1.03,61,22,重庆建工,9.88
39,40,存储芯片,BK1137,1302.17,10.88,0.84,1021555328000,2.52,33,23,大为股份,10.01
40,41,页岩气,BK0603,2057.04,16.75,0.82,2585613376000,0.28,20,10,中洲特材,6.26
41,42,复合集流体,BK1113,812.03,6.61,0.82,203966356000,2.46,14,13,宝明科技,10.0
42,43,低碳冶金,BK0979,891.76,7.09,0.8,294308960000,0.38,7,0,首钢股份,1.72
43,44,环氧丙烷,BK1011,595.51,4.51,0.76,444059056000,1.17,12,6,永和股份,6.56
44,45,LED,BK0580,3233.06,24.51,0.76,1269982992000,1.48,55,38,华体科技,10.01
45,46,新型城镇化,BK1080,951.11,6.97,0.74,443090896000,3.66,68,29,重庆建工,9.88
46,47,CPO概念,BK1128,2553.73,18.71,0.74,1201121168000,2.77,26,15,剑桥科技,7.84
47,48,数据安全,BK1047,989.12,7.15,0.73,971166672000,2.61,53,27,南凌科技,19.99
48,49,MLCC,BK0890,1909.33,13.45,0.71,198660433000,1.93,7,7,博迁新材,5.64
49,50,水利建设,BK0597,1690.62,11.8,0.7,2025805872000,1.66,65,29,湖南发展,9.98
50,51,腾讯云,BK1189,891.64,6.18,0.7,563863312000,4.38,12,10,二六三,10.05
51,52,猪肉概念,BK0882,1291.69,8.93,0.7,802450176000,1.18,25,7,罗 牛 山,8.36
52,53,锂矿概念,BK1173,1123.0,7.57,0.68,2396442848000,1.01,22,14,大为股份,10.01
53,54,京津冀,BK0684,1635.86,10.91,0.67,575732544000,1.72,33,17,海泰发展,9.95
54,55,WiFi,BK0915,1137.81,7.3,0.65,506904224000,1.35,14,12,剑桥科技,7.84
55,56,固态电池,BK0968,1646.71,10.61,0.65,5258575104000,1.7,109,80,德新科技,10.04
56,57,远程办公,BK0912,1431.21,9.12,0.64,715884048000,3.33,19,18,石基信息,10.01
57,58,生态农业,BK0669,1305.65,8.32,0.64,249541857000,2.11,28,8,恒兴新材,7.8
58,59,时空大数据,BK1130,1275.95,7.93,0.63,208760160000,4.72,16,10,中电鑫龙,9.96
59,60,锂电池,BK0574,2970.06,18.27,0.62,7638750976000,2.0,225,150,华体科技,10.01
60,61,PPP模式,BK0721,714.15,4.43,0.62,2264627376000,1.45,97,46,中电鑫龙,9.96
61,62,天然气,BK0843,1360.42,8.09,0.6,4801141760000,0.59,83,35,仁智股份,9.98
62,63,算力概念,BK1134,1571.88,9.32,0.6,6781683456000,2.07,83,61,华体科技,10.01
63,64,CAR-T细胞疗法,BK0986,1032.83,6.08,0.59,440456784000,3.98,7,16,迈威生物-U,17.67
64,65,光通信模块,BK1136,1386.41,8.03,0.58,840585456000,4.08,33,20,华脉科技,10.02
65,66,雄安新区,BK0813,906.33,5.2,0.58,2328094272000,1.47,96,44,中嘉博创,10.09
66,67,广电,BK0904,1504.36,8.66,0.58,240913081000,2.5,13,14,创维数字,5.34
67,68,低价股,BK1053,1027.33,5.86,0.57,1915505024000,1.23,107,54,白银有色,10.0
68,69,换电概念,BK0985,1360.92,7.56,0.56,786950080000,1.45,24,20,英飞特,8.84
69,70,钙钛矿电池,BK1094,708.86,3.98,0.56,516725936000,1.04,15,12,杰普特,12.18
70,71,网络安全,BK0655,4294.09,23.84,0.56,5005978112000,1.91,71,56,南凌科技,19.99
71,72,边缘计算,BK0860,1992.74,10.93,0.55,2797820432000,1.87,64,54,华体科技,10.01
72,73,有机硅,BK0961,1231.02,6.6,0.54,277938704000,1.55,20,9,博菲电气,3.37
73,74,免税概念,BK0927,1324.04,6.96,0.53,928280192000,0.86,14,12,海南高速,5.33
74,75,ETC,BK0875,1667.62,8.83,0.53,377292704000,3.5,23,21,楚天龙,10.03
75,76,农业种植,BK0888,2252.89,11.88,0.53,743898192000,2.57,52,26,永悦科技,10.03
76,77,并购重组概念,BK1181,1070.17,5.29,0.5,2108334832000,1.87,45,56,青岛双星,10.0
77,78,一带一路,BK0712,1341.39,6.62,0.5,13706275072000,0.78,294,155,德新科技,10.04
78,79,云计算,BK0579,3058.54,15.21,0.5,7912503808000,2.34,119,104,石基信息,10.01
79,80,数据中心,BK0922,1739.41,8.53,0.49,6495796992000,2.6,110,95,中电鑫龙,9.96
80,81,可燃冰,BK0818,1260.32,6.06,0.48,229871109000,0.65,5,4,潜能恒信,4.84
81,82,水产养殖,BK0967,882.29,3.97,0.45,247977043000,2.13,9,6,*ST佳沃,5.92
82,83,铜缆高速连接,BK1168,1515.4,6.84,0.45,538570208000,3.55,21,15,华脉科技,10.02
83,84,量子科技,BK0710,2370.22,10.72,0.45,1224426848000,1.59,25,19,楚天龙,10.03
84,85,AI芯片,BK1127,1315.0,5.87,0.45,1218271424000,1.63,15,13,景嘉微,4.5
85,86,铁路基建,BK0592,2478.03,10.75,0.44,2915109696000,0.87,70,41,四方新材,9.97
86,87,电子车牌,BK0982,1385.65,6.03,0.44,154590236000,3.66,11,6,厦门信达,10.08
87,88,幽门螺杆菌概念,BK1056,909.46,3.95,0.44,500482816000,3.13,25,25,海辰药业,20.0
88,89,股权转让,BK0803,679.24,3.0,0.44,194955898000,2.28,22,19,丹化科技,10.16
89,90,MiniLED,BK0902,1654.37,7.12,0.43,855381792000,1.34,36,24,宝明科技,10.0
90,91,维生素,BK0895,1849.67,7.98,0.43,466666608000,1.71,16,13,新诺威,20.0
91,92,京东金融,BK0849,1601.13,6.76,0.42,247874452000,1.35,5,6,ST峡创,8.4
92,93,智能电视,BK0656,1103.51,4.51,0.41,253321169000,1.62,6,6,创维数字,5.34
93,94,智慧城市,BK0628,5197.38,20.96,0.4,2424255424000,2.61,111,100,华体科技,10.01
94,95,破净股,BK1112,1326.59,5.2,0.39,21708643072000,0.4,228,117,重庆建工,9.88
95,96,节能环保,BK0494,11623.4,45.47,0.39,3733687392000,1.91,233,159,长青股份,9.95
96,97,钠离子电池,BK0988,1296.41,4.91,0.38,1886044272000,1.25,29,19,领湃科技,9.12
97,98,土壤修复,BK1070,808.97,3.05,0.38,192096105000,2.32,23,10,兴欣新材,4.77
98,99,超级电容,BK0703,3645.03,13.97,0.38,468932960000,2.19,17,14,金时科技,9.98
99,100,西部大开发,BK0590,2900.21,10.65,0.37,11072102400000,1.66,315,263,易明医药,9.97
100,101,植物照明,BK1007,946.88,3.26,0.35,154557147000,1.72,10,8,英飞特,8.84
101,102,北交所概念,BK0925,1680.67,5.83,0.35,313452992000,2.59,15,10,石英股份,5.13
102,103,中特估,BK1139,1071.42,3.68,0.34,23717635072000,0.21,55,21,中国电建,2.95
103,104,净水概念,BK1068,1150.93,3.8,0.33,1148914160000,0.75,11,8,兴欣新材,4.77
104,105,预亏预减,BK0570,1972.42,6.27,0.32,10148702976000,2.17,647,532,华体科技,10.01
105,106,数字经济,BK1061,1235.07,3.97,0.32,1768811456000,4.07,86,82,中电鑫龙,9.96
106,107,工业气体,BK0981,1474.76,4.53,0.31,379759696000,1.35,15,11,中泰股份,4.57
107,108,信创,BK1104,1760.1,5.45,0.31,3462264800000,3.84,115,119,中电鑫龙,9.96
108,109,预盈预增,BK0571,4793.4,14.53,0.3,15637756672000,2.36,569,510,中嘉博创,10.09
109,110,彩票概念,BK0671,2670.69,8.12,0.3,194842426000,3.5,8,11,金陵体育,8.92
110,111,电子后视镜,BK1125,1562.77,4.64,0.3,369088304000,2.46,11,12,好上好,5.8
111,112,免疫治疗,BK0698,1450.48,4.23,0.29,495749584000,2.01,18,25,迈威生物-U,17.67
112,113,超级真菌,BK0862,1074.47,2.98,0.28,573193856000,1.79,8,10,博瑞医药,4.86
113,114,参股新三板,BK0600,2532.89,7.08,0.28,1407831344000,2.4,48,53,海泰发展,9.95
114,115,新材料,BK0523,26319.28,73.46,0.28,4043462384000,1.95,183,156,浙江众成,9.94
115,116,TOPCon电池,BK1097,650.38,1.81,0.28,500258288000,1.37,20,20,帝科股份,7.26
116,117,超清视频,BK0859,1762.47,4.9,0.28,2271172752000,1.55,50,45,国科微,5.48
117,118,粮食概念,BK1086,788.14,2.19,0.28,240592099000,2.29,20,10,辉隆股份,2.77
118,119,抽水蓄能,BK1003,1289.71,3.59,0.28,894573200000,0.91,16,11,顺钠股份,4.73
119,120,鸡肉概念,BK0887,772.77,2.03,0.26,364350864000,0.82,13,4,巨星农牧,3.51
120,121,中字头,BK0505,7968.13,20.91,0.26,15180145152000,0.3,58,32,中国科传,4.57
121,122,高带宽内存,BK1152,919.49,2.28,0.25,159685970000,3.33,7,7,香农芯创,3.83
122,123,乡村振兴,BK0834,1498.41,3.73,0.25,1440215248000,2.13,76,50,罗 牛 山,8.36
123,124,REITs概念,BK0992,814.16,2.03,0.25,812440880000,0.75,13,10,东湖高新,2.8
124,125,央国企改革,BK0683,4304.96,10.27,0.24,46469843456000,0.86,726,588,海泰发展,9.95
125,126,星闪概念,BK1149,1369.16,2.95,0.22,483586304000,2.33,14,23,博通集成,5.92
126,127,氢能源,BK0864,1144.92,2.57,0.22,4432158208000,1.22,130,106,渤海化学,10.1
127,128,物联网,BK0554,14359.63,29.53,0.21,8476169472000,2.35,178,175,中电鑫龙,9.96
128,129,石墨烯,BK0617,2044.88,4.34,0.21,782887408000,2.19,30,35,青岛双星,10.0
129,130,土地流转,BK0632,1558.09,3.08,0.2,424318768000,1.86,29,13,廊坊发展,3.92
130,131,转基因,BK0907,1436.21,2.93,0.2,122133893000,1.29,10,5,康农种业,2.43
131,132,降解塑料,BK0909,1678.84,3.34,0.2,671905424000,1.41,36,27,丹化科技,10.16
132,133,尾气治理,BK0932,1529.27,3.1,0.2,243513636000,3.28,15,19,贵研铂业,6.62
133,134,流感,BK0906,1555.09,3.18,0.2,1366010496000,2.25,55,54,恒兴新材,7.8
134,135,机构重仓,BK0552,14215.47,28.1,0.2,42195734272000,0.67,470,420,菲林格尔,9.96
135,136,空间计算,BK1143,1288.41,2.46,0.19,140660394000,2.71,11,12,华设集团,5.21
136,137,钛白粉,BK0805,1049.1,1.98,0.19,151291407000,1.26,9,3,安宁股份,4.93
137,138,华为海思,BK1180,1411.45,2.59,0.18,718365168000,2.56,18,20,好上好,5.8
138,139,工业大麻,BK0856,1720.91,3.12,0.18,399679456000,2.94,21,17,金鹰股份,10.03
139,140,碳交易,BK0966,1519.77,2.62,0.17,2440460992000,1.04,68,52,中电鑫龙,9.96
140,141,东北振兴,BK0838,1109.07,1.92,0.17,639561712000,1.42,30,25,梦网科技,3.76
141,142,在线教育,BK0662,2061.55,3.49,0.17,1442576400000,2.6,49,65,二六三,10.05
142,143,重组蛋白,BK1063,981.46,1.56,0.16,225043641000,3.31,3,13,迈威生物-U,17.67
143,144,钒电池,BK1095,1102.8,1.8,0.16,480452496000,0.77,11,6,安宁股份,4.93
144,145,碳基材料,BK1006,811.86,1.29,0.16,173929184000,1.98,10,8,翔丰华,3.4
145,146,建筑节能,BK1076,953.23,1.41,0.15,214020141000,2.98,26,13,中衡设计,10.02
146,147,国家安防,BK0667,2919.35,4.5,0.15,1576390960000,2.14,56,55,中电鑫龙,9.96
147,148,氦气概念,BK0949,1530.22,2.32,0.15,96696685000,10.0,5,6,中泰股份,4.57
148,149,中俄贸易概念,BK1072,1447.53,2.02,0.14,535449360000,1.93,34,30,中洲特材,6.26
149,150,IPO受益,BK0697,3078.38,4.19,0.14,2156391712000,1.44,31,23,航天机电,10.06
150,151,减肥药,BK1146,1094.92,1.39,0.13,470426256000,2.69,14,15,海创药业-U,8.02
151,152,户外露营,BK1079,1342.11,1.78,0.13,138009094000,3.51,9,14,趣睡科技,5.92
152,153,上证50_,BK0611,1810.5,2.38,0.13,27402402048000,0.17,30,19,洛阳钼业,3.97
153,154,转债标的,BK0528,9805.25,11.48,0.12,7184565504000,1.3,224,236,华体科技,10.01
154,155,小米概念,BK0833,1807.96,2.13,0.12,3006440128000,2.01,85,115,二六三,10.05
155,156,玻璃基板,BK1175,1282.82,1.55,0.12,448801152000,1.1,17,15,联赢激光,3.83
156,157,储能,BK0989,1746.23,1.95,0.11,7827651840000,1.4,169,156,中电鑫龙,9.96
157,158,气溶胶检测,BK1065,1324.26,1.45,0.11,197521048000,0.97,6,4,ST天瑞,2.59
158,159,数字水印,BK1129,1059.01,1.13,0.11,113886744000,5.2,10,8,ST证通,2.59
159,160,合成生物,BK1174,1205.68,1.34,0.11,1359500592000,2.43,47,60,昂利康,9.98
160,161,绿色电力,BK1024,1067.11,1.15,0.11,4814281216000,0.75,71,51,湖南发展,9.98
161,162,新能源,BK0493,14753.59,16.87,0.11,5849509888000,1.45,108,84,今创集团,10.04
162,163,5G概念,BK0714,1237.93,1.42,0.11,8177154816000,2.0,150,161,中嘉博创,10.09
163,164,纳米银,BK0855,1688.14,1.66,0.1,78602086000,2.21,2,6,扬子新材,2.58
164,165,垃圾分类,BK0873,1435.46,1.4,0.1,806521776000,2.09,51,44,浩通科技,11.72
165,166,全息技术,BK0699,2476.26,2.51,0.1,154991951000,1.39,5,5,*ST迪威,4.68
166,167,ERP概念,BK1133,1196.95,1.23,0.1,232621119000,1.74,10,8,致远互联,2.06
167,168,富士康,BK0842,1684.74,1.74,0.1,469588288000,1.96,16,19,*ST合泰,3.69
168,169,3D打印,BK0619,5625.59,5.55,0.1,583802192000,2.76,29,32,杰普特,12.18
169,170,大数据,BK0634,4864.43,4.45,0.09,4915268096000,2.66,139,158,中嘉博创,10.09
170,171,证金持股,BK0718,1311.09,1.18,0.09,37436605184000,0.33,118,103,石基信息,10.01
171,172,深圳特区,BK0549,31759.82,24.71,0.08,9350940928000,1.4,155,178,大为股份,10.01
172,173,太阳能,BK0588,3110.32,2.4,0.08,7320514560000,1.31,195,189,湖南发展,9.98
173,174,AIPC,BK1164,1440.89,1.11,0.08,896755328000,1.62,21,20,生益电子,8.0
174,175,上证180_,BK0612,1478.54,1.13,0.08,43459524608000,0.27,96,73,兆易创新,4.7
175,176,特高压,BK0918,1812.73,1.33,0.07,1036876688000,1.68,32,43,国际实业,5.77
176,177,消毒剂,BK0913,1350.34,0.97,0.07,569629008000,1.84,33,23,光华科技,4.38
177,178,华为概念,BK0854,3320.58,2.16,0.07,12993703424000,2.28,315,399,中嘉博创,10.09
178,179,液冷概念,BK1138,1164.53,0.81,0.07,1095626528000,2.84,29,33,剑桥科技,7.84
179,180,燃料电池,BK0682,3280.72,2.26,0.07,2404905472000,1.76,60,80,华培动力,8.04
180,181,半导体概念,BK0917,1597.44,0.95,0.06,7662603008000,1.55,166,186,贵研铂业,6.62
181,182,标准普尔,BK0879,1462.93,0.82,0.06,57197412352000,0.68,477,515,中嘉博创,10.09
182,183,智慧政务,BK0886,1384.49,0.78,0.06,672181520000,4.1,35,47,中电鑫龙,9.96
183,184,AI手机,BK1162,1341.05,0.73,0.05,711806592000,1.87,16,18,每日互动,5.12
184,185,DeepSeek概念,BK1188,1208.37,0.61,0.05,3700744832000,2.71,94,137,南凌科技,19.99
185,186,AB股,BK0498,11253.85,5.23,0.05,1334318320000,1.52,34,34,丹化科技,10.16
186,187,裸眼3D,BK1142,1013.98,0.48,0.05,277757296000,1.12,10,11,康达新材,5.23
187,188,风能,BK0595,2029.28,0.74,0.04,6396683520000,0.99,106,97,华伍股份,8.26
188,189,IPv6,BK0897,1226.18,0.43,0.04,539401200000,1.08,6,5,神州泰岳,1.82
189,190,OLED,BK0840,2471.91,0.93,0.04,2037714192000,1.64,64,60,银禧科技,8.23
190,191,阿兹海默,BK0894,1858.74,0.83,0.04,161689051000,4.35,6,8,万邦德,5.73
191,192,专精特新,BK1005,1235.91,0.55,0.04,7936639488000,3.49,562,610,洛凯股份,9.99
192,193,中芯概念,BK0935,1253.09,0.53,0.04,2312188336000,1.28,36,27,帝科股份,7.26
193,194,B股,BK0636,829.95,0.23,0.03,676208496000,0.15,31,30,丹科B股,3.03
194,195,白酒,BK0896,2136.28,0.66,0.03,3462655056000,1.14,20,23,广东明珠,5.71
195,196,充电桩,BK0700,2428.78,0.69,0.03,4179101280000,2.56,104,129,华体科技,10.01
196,197,国产芯片,BK0891,3102.15,0.62,0.02,9571754240000,2.06,156,200,大为股份,10.01
197,198,中药概念,BK0615,2163.48,0.49,0.02,2013201360000,1.98,62,73,易明医药,9.97
198,199,生物质能发电,BK1098,981.19,0.19,0.02,205497132000,1.21,11,9,钱江生化,1.73
199,200,智能家居,BK0680,2544.39,0.51,0.02,3339126320000,1.61,66,82,剑桥科技,7.84
200,201,海洋经济,BK0623,2556.55,0.51,0.02,858723664000,1.9,25,25,招标股份,3.22
201,202,参股银行,BK0525,10689.91,2.45,0.02,11370818048000,0.8,116,99,盛达资源,10.0
202,203,HS300_,BK0500,10154.58,0.75,0.01,57149898496000,0.34,147,138,天坛生物,4.73
203,204,智能电网,BK0581,1686.91,0.12,0.01,1807349504000,3.26,70,98,中电鑫龙,9.96
204,205,沪股通,BK0707,2014.31,0.12,0.01,61271985408000,0.62,587,643,大有能源,9.92
205,206,混合现实,BK1141,1253.58,0.14,0.01,865866048000,1.24,11,18,创维数字,5.34
206,207,病毒防治,BK0675,2515.41,0.34,0.01,1476182128000,2.02,45,65,迈威生物-U,17.67
207,208,MSCI中国,BK0821,1158.18,0.08,0.01,65314073088000,0.46,262,273,新诺威,20.0
208,209,融资融券,BK0596,2510.6,-0.04,0.0,93233311744000,1.07,1650,1891,石基信息,10.01
209,210,人造肉,BK0866,1000.27,-0.01,0.0,173623296000,2.08,9,9,莲花控股,1.93
210,211,创新药,BK1106,1275.06,-0.05,0.0,2012445344000,2.5,37,66,昂利康,9.98
211,212,长江三角,BK0594,2482.8,0.01,0.0,8371778816000,1.53,175,202,大有能源,9.92
212,213,地热能,BK0622,3354.11,-0.16,0.0,58893731000,1.37,2,6,中材节能,0.81
213,214,可控核聚变,BK1163,1553.44,0.01,0.0,624817040000,3.69,19,22,白银有色,10.0
214,215,医废处理,BK0914,1131.57,-0.12,-0.01,212819860000,2.1,17,14,宝馨科技,1.78
215,216,汽车芯片,BK0969,1120.95,-0.09,-0.01,1184968224000,1.58,23,33,博通集成,5.92
216,217,超超临界发电,BK1087,1216.09,-0.14,-0.01,891270656000,0.92,22,19,中洲特材,6.26
217,218,PCB,BK0877,1721.66,-0.36,-0.02,1072230624000,3.02,42,47,东威科技,10.42
218,219,数据要素,BK1135,1118.33,-0.26,-0.02,1807364576000,2.62,62,75,中电鑫龙,9.96
219,220,大飞机,BK0814,1409.64,-0.35,-0.02,1915818432000,1.76,35,58,航天机电,10.06
220,221,军民融合,BK0808,1635.03,-0.31,-0.02,2878355760000,2.74,77,100,青岛双星,10.0
221,222,上证380,BK0705,2337.81,-0.42,-0.02,7766590464000,0.93,165,196,XD共创草,10.0
222,223,中证500,BK0701,1952.8,-0.3,-0.02,13360125184000,0.96,214,264,石基信息,10.01
223,224,碳纤维,BK1171,1319.27,-0.45,-0.03,344988304000,1.8,12,20,银禧科技,8.23
224,225,成渝特区,BK0534,19545.17,-5.98,-0.03,2257766112000,1.43,38,46,华体科技,10.01
225,226,AI眼镜,BK1178,1617.41,-0.51,-0.03,1240750176000,1.79,34,49,宝明科技,10.0
226,227,空气能热泵,BK1102,1309.81,-0.58,-0.04,1174935952000,2.56,13,20,鑫磊股份,4.13
227,228,AH股,BK0499,7775.42,-3.01,-0.04,35692431104000,0.27,78,72,洛阳钼业,3.97
228,229,数字孪生,BK0861,1457.44,-0.68,-0.05,945739056000,1.75,34,44,中衡设计,10.02
229,230,工业互联,BK0832,2104.24,-1.1,-0.05,4077452192000,1.72,90,96,华自科技,5.85
230,231,社保重仓,BK0520,10544.88,-6.35,-0.06,317856688000,1.42,9,11,西测测试,11.06
231,232,GDR,BK0868,902.2,-0.56,-0.06,1542606480000,0.63,7,4,科达制造,1.29
232,233,胎压监测,BK0898,2187.62,-1.29,-0.06,309502736000,2.04,11,16,大为股份,10.01
233,234,养老金,BK0823,1378.46,-0.81,-0.06,2713875280000,1.11,90,91,姚记科技,6.28
234,235,互联医疗,BK0837,999.39,-0.63,-0.06,4916653056000,1.76,34,56,众诚科技,22.89
235,236,稀土永磁,BK0578,2398.44,-1.75,-0.07,975667328000,1.36,26,31,科恒股份,6.16
236,237,科创板做市股,BK1108,928.77,-0.64,-0.07,1672905104000,0.62,18,24,厦钨新能,9.71
237,238,富时罗素,BK0867,1516.08,-1.02,-0.07,61969657856000,0.8,536,688,中嘉博创,10.09
238,239,湖北自贸,BK0926,1596.22,-1.14,-0.07,353996592000,2.89,12,15,精测电子,3.39
239,240,QFII重仓,BK0535,17547.82,-13.35,-0.08,3032317904000,2.13,117,143,新华锦,9.98
240,241,车联网(车路云),BK0920,1416.26,-1.11,-0.08,5490399744000,1.8,97,116,华体科技,10.01
241,242,军工,BK0490,64729.1,-53.93,-0.08,6120960256000,2.49,213,275,中电鑫龙,9.96
242,243,C2M概念,BK0955,1282.94,-1.07,-0.08,298040016000,1.74,18,16,皮阿诺,4.14
243,244,无人机,BK0704,2091.07,-1.81,-0.09,2509616656000,2.98,70,108,中电鑫龙,9.96
244,245,UWB概念,BK0880,1535.38,-1.36,-0.09,372244304000,1.46,5,13,中电鑫龙,9.96
245,246,北斗导航,BK0629,5721.22,-4.99,-0.09,917780432000,2.44,26,51,福达合金,10.03
246,247,深成500,BK0568,1097.45,-1.04,-0.09,21663554560000,1.05,199,282,石基信息,10.01
247,248,无线充电,BK0960,2484.34,-2.57,-0.1,2090097024000,2.17,16,24,中电鑫龙,9.96
248,249,参股保险,BK0604,2368.41,-2.3,-0.1,5883805184000,0.44,34,44,ST峡创,8.4
249,250,肝炎概念,BK1078,1213.45,-1.29,-0.11,473945840000,3.72,19,29,万邦德,5.73
250,251,创投,BK0506,15298.18,-16.53,-0.11,4410482432000,1.98,120,145,海泰发展,9.95
251,252,单抗概念,BK0870,1660.11,-1.83,-0.11,1687160544000,1.79,19,30,迈威生物-U,17.67
252,253,知识产权,BK0839,1806.82,-2.12,-0.12,337972096000,2.66,16,24,中国科传,4.57
253,254,创业板综,BK0742,1514.0,-1.9,-0.13,13101543168000,3.42,586,761,海辰药业,20.0
254,255,工程机械概念,BK0991,1423.0,-1.92,-0.13,960176832000,0.99,24,27,五新隧装,4.58
255,256,电子纸概念,BK1057,1033.96,-1.34,-0.13,319531680000,0.92,5,6,*ST合泰,3.69
256,257,超级品牌,BK0811,2372.19,-3.03,-0.13,8784728320000,0.5,11,21,登康口腔,2.1
257,258,智能穿戴,BK0641,2948.71,-3.86,-0.13,2441931872000,1.58,46,68,银禧科技,8.23
258,259,荣耀概念,BK1177,1505.05,-1.89,-0.13,940867424000,1.2,21,31,慧博云通,4.85
259,260,快手概念,BK0972,1500.09,-1.99,-0.13,260453584000,4.36,12,18,每日互动,5.12
260,261,预制菜概念,BK1025,1129.33,-1.58,-0.14,634186416000,1.66,24,29,光明肉业,2.85
261,262,央视50_,BK0610,2242.31,-3.38,-0.15,15947818496000,0.23,21,28,兆易创新,4.7
262,263,多模态AI,BK1153,1162.18,-1.8,-0.15,846281664000,3.24,18,36,中衡设计,10.02
263,264,3D玻璃,BK0881,1124.78,-1.7,-0.15,273932464000,1.7,4,12,*ST合泰,3.69
264,265,MicroLED,BK0948,946.44,-1.42,-0.15,433640688000,0.99,7,14,联赢激光,3.83
265,266,贬值受益,BK0812,1383.88,-2.26,-0.16,2323854592000,1.78,80,88,XD共创草,10.0
266,267,创业成份,BK0638,1675.25,-2.72,-0.16,5778104064000,1.47,33,67,新诺威,20.0
267,268,统一大市场,BK1077,1261.05,-2.2,-0.17,376913376000,1.45,14,22,天顺股份,3.71
268,269,人脑工程,BK0706,4438.72,-7.78,-0.17,412809440000,2.62,8,15,爱朋医疗,6.71
269,270,青蒿素,BK0872,1600.45,-2.79,-0.17,275741920000,1.1,4,6,德龙汇能,1.69
270,271,参股券商,BK0514,13463.44,-23.83,-0.18,3953372080000,1.08,56,67,宁波建工,9.93
271,272,无线耳机,BK0893,1816.11,-3.29,-0.18,2054975152000,2.18,30,53,天洋新材,6.31
272,273,深股通,BK0804,1017.13,-1.83,-0.18,29449038336000,1.78,531,796,石基信息,10.01
273,274,股权激励,BK0567,2942.76,-5.31,-0.18,4609757440000,2.1,85,113,厦门信达,10.08
274,275,旅游概念,BK0692,1645.15,-3.03,-0.18,256790170000,1.83,11,17,南京商旅,2.53
275,276,核能核电,BK0577,2212.19,-4.28,-0.19,3068241120000,1.23,64,81,七丰精工,7.51
276,277,小米汽车,BK1155,1373.58,-2.6,-0.19,3511838240000,1.81,29,45,厦门信达,10.08
277,278,独家药品,BK0676,2444.97,-4.55,-0.19,724300128000,1.25,16,23,艾迪药业,3.84
278,279,核污染防治,BK0983,1287.35,-2.46,-0.19,349730192000,1.32,11,16,海伦哲,1.8
279,280,参股期货,BK0524,27813.79,-53.28,-0.19,2859213088000,0.74,15,28,南华期货,7.97
280,281,粤港自贸,BK0677,3042.81,-6.22,-0.2,1032820656000,1.48,34,36,ST证通,2.59
281,282,鸿蒙概念,BK0953,1533.04,-3.08,-0.2,2210150352000,3.19,48,68,天山电子,5.54
282,283,影视概念,BK0847,898.51,-1.84,-0.2,590377776000,1.99,24,39,天府文旅,5.5
283,284,人工智能,BK0800,1579.85,-3.36,-0.21,9471656448000,2.52,241,360,华体科技,10.01
284,285,智谱AI,BK1182,1162.63,-2.45,-0.21,393364176000,4.73,11,24,优刻得-W,7.49
285,286,医疗器械概念,BK0668,3732.45,-8.22,-0.22,4714079488000,1.93,120,184,新华锦,9.98
286,287,动力电池回收,BK1052,702.63,-1.52,-0.22,671089904000,1.89,22,16,光华科技,4.38
287,288,海工装备,BK0601,1718.46,-3.81,-0.22,1196053568000,1.51,25,25,海兰信,2.76
288,289,百度概念,BK0845,1671.27,-3.86,-0.23,2506857376000,2.75,53,93,中嘉博创,10.09
289,290,深证100R,BK0743,1058.9,-2.44,-0.23,12482943744000,0.64,41,57,天孚通信,3.04
290,291,IGBT概念,BK1048,770.83,-1.77,-0.23,2124342192000,0.85,12,27,博菲电气,3.37
291,292,国产软件,BK0696,3254.52,-7.55,-0.23,2983952240000,3.35,99,133,石基信息,10.01
292,293,地摊经济,BK0924,1918.42,-4.37,-0.23,665933328000,1.65,12,19,久量股份,6.16
293,294,化债(AMC)概念,BK0980,1045.22,-2.54,-0.24,945912912000,1.37,28,27,海南高速,5.33
294,295,数字阅读,BK0959,1549.64,-3.7,-0.24,191052920000,1.15,4,14,立昂技术,2.15
295,296,柔性屏(折叠屏),BK1160,1316.46,-3.19,-0.24,917872128000,1.53,29,44,*ST合泰,3.69
296,297,虚拟现实,BK0722,1056.11,-2.52,-0.24,3153759600000,2.33,76,138,二六三,10.05
297,298,低空经济,BK1166,1429.86,-3.47,-0.24,3425175264000,2.69,84,158,永悦科技,10.03
298,299,第三代半导体,BK0952,1343.2,-3.48,-0.26,1625118032000,1.91,43,65,国科微,5.48
299,300,医疗美容,BK0889,1632.07,-4.55,-0.28,1026559232000,1.51,24,40,常山药业,15.12
300,301,辅助生殖,BK0939,984.35,-2.81,-0.28,525389696000,2.2,18,35,众生药业,4.04
301,302,独角兽,BK0835,1710.35,-4.95,-0.29,4938400512000,1.54,42,67,中衡设计,10.02
302,303,生物识别,BK0970,1491.55,-4.35,-0.29,1015505280000,2.74,22,28,星宸科技,4.07
303,304,内贸流通,BK1001,1273.35,-3.69,-0.29,1459708736000,1.96,55,100,厦门信达,10.08
304,305,屏下摄像,BK0947,912.56,-2.64,-0.29,492759344000,1.01,4,5,*ST合泰,3.69
305,306,体育产业,BK0708,1307.08,-3.75,-0.29,782868480000,2.74,25,38,XD共创草,10.0
306,307,娃哈哈概念,BK1165,1220.79,-3.58,-0.29,101846530000,3.2,8,11,冰山冷热,1.99
307,308,高压快充,BK1144,1113.04,-3.33,-0.3,423148304000,3.47,19,27,奥 特 迅,4.95
308,309,虚拟电厂,BK0958,1842.07,-5.58,-0.3,608481504000,2.61,21,31,新联电子,10.05
309,310,苹果概念,BK0666,2936.2,-8.75,-0.3,2471951408000,1.27,45,79,杰普特,12.18
310,311,电子烟,BK0865,1777.61,-5.26,-0.3,838060592000,2.42,17,33,银禧科技,8.23
311,312,养老概念,BK0653,2583.06,-8.09,-0.31,2870709744000,1.5,43,77,新华锦,9.98
312,313,代糖概念,BK0938,1050.56,-3.23,-0.31,152276460000,1.51,6,9,醋化股份,1.63
313,314,传感器,BK0905,1705.29,-5.49,-0.32,1568626320000,2.19,34,65,中电鑫龙,9.96
314,315,生物疫苗,BK0548,26880.15,-86.08,-0.32,1064478176000,1.58,33,36,神州细胞,6.88
315,316,精准医疗,BK0806,1002.69,-3.35,-0.33,591425120000,2.39,14,32,ST峡创,8.4
316,317,茅指数,BK0999,685.7,-2.24,-0.33,12762772480000,0.55,13,29,恒立液压,2.92
317,318,Chiplet概念,BK1101,1436.69,-4.88,-0.34,650996832000,2.18,14,15,润欣科技,2.34
318,319,氮化镓,BK0916,1258.22,-4.26,-0.34,914676096000,1.63,19,29,ST易事特,2.47
319,320,痘病毒防治,BK1085,815.86,-2.75,-0.34,657450816000,2.27,19,36,海辰药业,20.0
320,321,托育服务,BK1074,728.3,-2.45,-0.34,49391425000,2.9,5,2,ST易联众,2.4
321,322,新能源车,BK0900,1907.31,-6.55,-0.34,11516471552000,2.08,232,374,华体科技,10.01
322,323,麒麟电池,BK1092,1230.54,-4.34,-0.35,1220535120000,1.75,2,6,富临精工,2.02
323,324,次新股,BK0501,27494.09,-100.15,-0.36,927161104000,7.51,41,64,博苑股份,7.69
324,325,光刻机(胶),BK0884,2744.96,-10.3,-0.37,805557312000,2.92,31,55,华亚智能,5.63
325,326,卫星互联网,BK0921,1402.19,-5.2,-0.37,518026208000,3.23,9,31,华体科技,10.01
326,327,调味品概念,BK1026,948.1,-3.58,-0.38,696805088000,1.37,12,20,莲花控股,1.93
327,328,通用航空,BK0625,5600.57,-21.19,-0.38,1030146464000,1.21,12,21,山河智能,2.42
328,329,DRG/DIP,BK1054,1032.35,-3.89,-0.38,168495285000,2.34,6,13,ST易联众,2.4
329,330,英伟达概念,BK1161,1377.02,-5.3,-0.38,1277466560000,2.21,15,28,青云科技-U,15.31
330,331,激光雷达,BK1002,1470.51,-5.64,-0.38,415343904000,1.89,13,23,仕佳光子,7.11
331,332,区块链,BK0830,1046.03,-4.02,-0.38,8142693632000,1.33,72,143,中嘉博创,10.09
332,333,财税数字化,BK1176,1707.6,-6.5,-0.38,501975328000,3.33,20,21,慧博云通,4.85
333,334,退税商店,BK0933,1235.2,-4.8,-0.39,177057888000,0.75,3,8,南宁百货,0.82
334,335,网红经济,BK0940,698.36,-2.74,-0.39,1619728912000,2.48,47,79,二六三,10.05
335,336,互联金融,BK0637,4888.08,-19.6,-0.4,19568446720000,0.52,63,127,盛达资源,10.0
336,337,EDR概念,BK1049,1589.71,-6.36,-0.4,275127680000,2.67,4,10,兴民智通,2.66
337,338,阿里概念,BK0689,2444.91,-9.97,-0.41,2920081344000,1.79,45,75,石基信息,10.01
338,339,移动支付,BK0556,12302.34,-51.47,-0.42,3525467216000,2.89,26,43,石基信息,10.01
339,340,食品安全,BK0614,6427.12,-26.82,-0.42,367098768000,2.57,17,25,石基信息,10.01
340,341,航母概念,BK0715,869.8,-3.71,-0.42,1052025280000,1.02,15,19,海兰信,2.76
341,342,华为昇腾,BK0995,1395.75,-5.89,-0.42,508793584000,3.11,8,25,利和兴,3.51
342,343,华为汽车,BK0984,1994.37,-8.41,-0.42,1583905536000,2.26,35,65,ST八菱,4.78
343,344,碳化硅,BK0977,1318.02,-5.56,-0.42,526480320000,1.7,10,25,楚江新材,2.62
344,345,无人驾驶,BK0802,1770.45,-7.66,-0.43,5682543104000,2.0,79,163,青云科技-U,15.31
345,346,3D摄像头,BK0901,1417.81,-6.18,-0.43,530161152000,1.72,3,7,*ST合泰,3.69
346,347,商业航天,BK0963,1668.62,-7.24,-0.43,1577130768000,3.99,47,104,西测测试,11.06
347,348,上海自贸,BK0643,3030.86,-13.26,-0.44,906393232000,0.66,12,20,博通集成,5.92
348,349,AI语料,BK1172,962.97,-4.22,-0.44,347336624000,2.48,6,19,中国科传,4.57
349,350,第四代半导体,BK1121,1264.52,-5.56,-0.44,99592597000,0.97,1,2,中国西电,0.48
350,351,注册制次新股,BK0971,668.88,-2.99,-0.45,844506448000,7.37,34,54,博苑股份,7.69
351,352,Sora概念,BK1159,1518.84,-6.82,-0.45,343057072000,2.89,11,28,会畅通讯,3.93
352,353,基金重仓,BK0536,9886.07,-44.62,-0.45,8039161600000,1.12,45,71,东威科技,10.42
353,354,职业教育,BK1022,1254.56,-5.74,-0.46,617773712000,2.89,30,36,罗 牛 山,8.36
354,355,汽车一体化压铸,BK1093,1186.67,-5.47,-0.46,307330960000,2.39,11,18,长华集团,2.89
355,356,Kimi概念,BK1169,1047.84,-5.06,-0.48,459799168000,3.74,8,15,超讯通信,2.76
356,357,电子身份证,BK1075,1202.48,-5.82,-0.48,326984832000,5.68,14,20,恒宝股份,4.36
357,358,被动元件,BK0976,1246.29,-5.95,-0.48,371029872000,1.96,5,22,铂科新材,1.69
358,359,机器视觉,BK0998,1578.5,-7.77,-0.49,580819248000,2.84,27,47,佰奥智能,3.61
359,360,电子竞技,BK0853,1372.42,-6.81,-0.49,3204642384000,1.63,8,24,天府文旅,5.5
360,361,基因测序,BK0693,1841.57,-9.1,-0.49,477014752000,1.93,13,34,国发股份,2.65
361,362,共享经济,BK0807,873.22,-4.38,-0.5,224732104000,1.81,5,11,姚记科技,6.28
362,363,汽车热管理,BK1089,1694.49,-8.48,-0.5,764270976000,2.93,25,53,ST八菱,4.78
363,364,拼多多概念,BK0957,1305.55,-6.68,-0.51,141112545000,3.81,10,15,每日互动,5.12
364,365,化妆品概念,BK0974,1238.25,-6.46,-0.52,719050832000,2.94,19,35,常山药业,15.12
365,366,6G概念,BK0964,1360.74,-7.18,-0.52,494224368000,3.44,9,19,国脉科技,3.78
366,367,工业母机,BK1004,1552.3,-8.43,-0.54,1250053712000,1.95,30,49,联赢激光,3.83
367,368,虚拟数字人,BK1055,1196.86,-6.62,-0.55,3539935584000,3.37,30,53,二六三,10.05
368,369,华为欧拉,BK1013,1504.45,-8.53,-0.56,289275648000,5.21,7,10,景嘉微,4.5
369,370,PEEK材料概念,BK1156,1320.02,-7.63,-0.57,301926944000,2.04,8,18,超捷股份,2.79
370,371,冷链物流,BK0852,1834.09,-10.79,-0.58,1537078192000,2.01,35,69,罗 牛 山,8.36
371,372,短剧互动游戏,BK1151,1126.95,-6.6,-0.58,377733744000,2.37,7,22,创维数字,5.34
372,373,熔盐储能,BK1103,923.4,-5.48,-0.59,74725476000,1.71,5,3,迪尔化工,1.74
373,374,特斯拉,BK0644,5031.27,-29.61,-0.59,4453979648000,1.77,63,137,法本信息,3.66
374,375,沪企改革,BK0672,2583.29,-15.24,-0.59,917406336000,0.86,14,25,亚通股份,3.87
375,376,元宇宙概念,BK1009,2038.33,-12.04,-0.59,4549695488000,2.99,44,94,二六三,10.05
376,377,机器人概念,BK1090,1674.36,-9.95,-0.59,6476721664000,2.21,169,338,青岛双星,10.0
377,378,婴童概念,BK0664,1626.75,-9.81,-0.6,1242954688000,3.09,50,89,新华锦,9.98
378,379,空间站概念,BK0994,1555.73,-9.6,-0.61,195869954000,2.67,4,16,北化股份,1.16
379,380,新型工业化,BK1150,1198.89,-7.53,-0.62,1511529552000,2.08,24,65,剑桥科技,7.84
380,381,Web3.0,BK1110,1706.42,-10.62,-0.62,447205232000,4.48,13,33,二六三,10.05
381,382,AIGC概念,BK1111,1885.84,-11.74,-0.62,1867494352000,3.1,35,78,中电鑫龙,9.96
382,383,体外诊断,BK0841,1254.95,-7.93,-0.63,934904336000,1.55,21,45,硕世生物,3.89
383,384,同步磁阻电机,BK1131,1471.63,-9.31,-0.63,63518123000,1.62,2,4,科汇股份,0.44
384,385,小红书概念,BK1187,1167.94,-7.5,-0.64,490670816000,4.07,23,41,姚记科技,6.28
385,386,SPD概念,BK1147,925.99,-6.07,-0.65,67542072000,2.5,3,8,国科恒泰,0.68
386,387,百元股,BK1059,607.05,-4.0,-0.65,12141306624000,1.1,31,52,联合化学,8.58
387,388,蓝宝石,BK0674,2330.19,-15.47,-0.66,479604048000,1.27,3,15,华工科技,0.97
388,389,电商概念,BK0665,2155.6,-14.55,-0.67,6333162240000,2.02,109,216,石基信息,10.01
389,390,网络游戏,BK0509,12220.67,-83.18,-0.68,914836000000,3.11,18,46,姚记科技,6.28
390,391,冰雪经济,BK1185,934.42,-6.41,-0.68,231041452000,4.18,12,21,天府文旅,5.5
391,392,虚拟机器人,BK1190,1077.12,-7.52,-0.69,559112576000,1.7,5,7,青矩技术,1.11
392,393,快递概念,BK0990,990.71,-7.12,-0.71,607066736000,1.89,11,28,天顺股份,3.71
393,394,宁组合,BK1000,507.61,-3.66,-0.72,4214581376000,0.58,3,21,石头科技,0.6
394,395,抖音小店,BK0928,1251.06,-9.12,-0.72,245562709000,1.47,8,20,天创时尚,3.51
395,396,进口博览,BK0850,966.7,-6.99,-0.72,238992238000,0.66,2,12,外高桥,0.45
396,397,数字哨兵,BK1084,1595.12,-11.93,-0.74,95099495000,4.99,4,8,恒实科技,4.15
397,398,抖音概念(字节概念),BK0923,1329.0,-9.85,-0.74,805360848000,4.25,25,56,姚记科技,6.28
398,399,科创板做市商,BK1107,1377.66,-10.44,-0.75,1880977056000,0.4,1,13,国泰海通,0.38
399,400,新零售,BK0825,1024.99,-7.74,-0.75,2598254032000,1.69,40,98,石基信息,10.01
400,401,社区团购,BK0965,903.66,-6.91,-0.76,559929744000,1.54,11,25,宏辉果蔬,2.97
401,402,毫米波概念,BK1124,1474.54,-11.65,-0.78,530185024000,2.49,7,34,星宸科技,4.07
402,403,AI制药（医疗）,BK1170,1185.2,-9.71,-0.81,432605648000,2.45,6,32,华海药业,2.98
403,404,数据确权,BK1118,1486.16,-12.16,-0.81,273737520000,4.75,11,22,铜牛信息,4.51
404,405,首发经济,BK1186,930.03,-7.57,-0.81,287733104000,2.65,8,31,*ST亚振,4.58
405,406,增强现实,BK0801,1140.55,-9.45,-0.82,605695760000,2.03,10,34,游族网络,1.91
406,407,毛发医疗,BK0996,889.43,-7.54,-0.84,92545744000,2.29,5,9,华邦健康,1.2
407,408,啤酒概念,BK1073,1170.89,-10.08,-0.85,261705138000,2.78,5,10,燕京啤酒,1.59
408,409,跨境支付,BK1071,1655.61,-14.31,-0.86,12225046784000,0.31,16,36,石基信息,10.01
409,410,跨境电商,BK1115,1451.32,-12.6,-0.86,1621240112000,2.38,45,104,汇洁股份,4.8
410,411,CRO,BK0899,1414.34,-12.23,-0.86,526305008000,3.71,7,30,联化科技,6.93
411,412,减速器,BK1100,1652.25,-14.48,-0.87,666317520000,3.54,13,56,德新科技,10.04
412,413,租售同权,BK0822,737.3,-6.52,-0.88,389472832000,0.91,5,12,*ST南置,1.5
413,414,AI智能体,BK0809,1090.74,-9.65,-0.88,943604240000,3.41,20,53,流金科技,3.84
414,415,PLC概念,BK1119,1247.25,-11.27,-0.9,323698176000,1.65,2,7,睿能科技,0.8
415,416,抗菌面料,BK1116,1331.65,-12.48,-0.93,88386345000,2.52,5,9,欣贺股份,0.94
416,417,轮毂电机,BK1099,1041.39,-10.08,-0.96,60412491000,2.05,1,7,泉峰汽车,0.58
417,418,ChatGPT概念,BK1126,1904.91,-18.82,-0.98,1930926960000,2.74,23,50,梦网科技,3.76
418,419,券商概念,BK0711,1047.39,-10.65,-1.01,3797600784000,0.62,1,54,国泰海通,0.38
419,420,举牌,BK0685,2263.82,-23.11,-1.01,234540868000,0.87,4,6,ST先河,2.29
420,421,发电机概念,BK1014,1590.68,-16.4,-1.02,156055342000,5.04,9,12,智慧农业,2.58
421,422,人形机器人,BK1184,1367.16,-14.71,-1.06,2616355008000,1.99,21,105,华培动力,8.04
422,423,宠物经济,BK0993,914.66,-9.96,-1.08,364736160000,2.64,18,35,昂利康,9.98
423,424,飞行汽车(eVTOL),BK1157,1767.47,-19.26,-1.08,791662592000,3.17,14,56,拓斯达,3.59
424,425,蚂蚁概念,BK0937,763.61,-8.39,-1.09,5107326976000,0.64,19,34,ST易联众,2.4
425,426,数字货币,BK0883,1892.27,-21.5,-1.12,856630560000,5.3,17,57,中嘉博创,10.09
426,427,乳业,BK0892,1173.08,-14.88,-1.25,469895328000,2.2,5,21,均瑶健康,5.8
427,428,EDA概念,BK0946,1163.03,-15.25,-1.29,227013736000,2.03,2,10,同济科技,3.32
428,429,NFT概念,BK0997,1616.2,-22.83,-1.39,529797200000,3.81,10,41,ST证通,2.59
429,430,谷子经济,BK1183,1091.26,-15.61,-1.41,547530272000,3.88,13,49,姚记科技,6.28
430,431,培育钻石,BK1023,1324.79,-20.0,-1.49,158121501000,2.95,1,13,*ST亚振,4.58
431,432,MLOps概念,BK1132,989.71,-15.35,-1.53,151638114000,3.15,2,7,绿盟科技,1.24
432,433,机器人执行器,BK1145,1513.05,-24.72,-1.61,441816832000,2.13,2,23,联诚精密,0.79
433,434,昨日触板,BK0817,93.22,-1.64,-1.73,188839551000,11.62,11,24,重庆建工,9.88
434,435,盲盒经济,BK0954,1211.9,-30.31,-2.44,108066303000,6.08,0,11,顺网科技,-0.79
